,FTR,season_period,xg1_5g_avg,xg2_5g_avg,gd_5g_avg,elo_diff,game1_D,game1_H,game2_D,game2_H,game3_D,game3_H,game4_D,game4_H,game5_D,game5_H
0,0,0,0.65,1.3060000000000003,0.4,-90.93078612999989,0,0,0,1,1,0,0,1,0,0
340,1,0,1.0779999999999998,1.228,1.0,30.798828129999947,0,0,0,1,0,1,0,1,1,0
1,0,0,0.5959999999999999,1.138,0.8,12.096313479999935,0,1,1,0,0,1,0,0,0,1
392,0,0,2.09,0.756,2.0,110.58825683999999,0,1,0,1,0,0,0,1,0,1
170,2,0,2.4680000000000004,0.63,1.4,280.3465576199999,0,1,0,1,0,1,1,0,1,0
765,2,0,1.392,1.2340000000000002,-0.6,-12.05078125,0,1,0,0,0,0,1,0,0,1
288,2,0,1.834,1.5320000000000003,0.8,61.19677735000005,0,0,0,1,0,1,0,1,1,0
156,0,0,0.634,2.502,-1.4,-200.50427227,0,1,0,0,0,0,0,0,0,0
496,1,0,1.404,0.9239999999999998,1.2,152.18127442000014,1,0,0,1,0,1,1,0,0,1
581,1,0,1.586,1.982,-1.0,-118.21508789000018,0,0,1,0,0,0,0,0,1,0
52,1,0,1.506,1.236,-0.2,-249.90771483999993,0,0,1,0,0,1,0,0,0,0
104,2,0,1.4460000000000002,0.666,1.0,73.25146483999993,1,0,0,1,0,1,1,0,0,1
444,2,0,2.288,0.882,0.8,-95.5302734400002,0,1,0,0,0,1,1,0,1,0
236,2,0,1.9020000000000004,0.8960000000000001,0.2,-84.9213867200001,1,0,1,0,0,1,0,1,0,0
548,1,0,1.532,1.444,-0.6,54.08508299999994,0,0,0,0,1,0,0,1,0,1
751,0,0,1.3419999999999999,1.6420000000000001,-1.6,30.902832089999947,0,0,0,0,0,0,1,0,0,0
614,0,0,1.8519999999999999,1.066,0.8,155.54528807999986,0,1,1,0,0,1,0,1,1,0
666,0,0,1.31,1.378,0.0,-134.3041992200001,0,0,0,0,0,1,1,0,0,1
222,1,0,0.9360000000000002,0.9620000000000001,-0.2,-228.99914551000006,1,0,0,0,0,0,0,0,0,1
718,0,0,1.416,1.786,-0.6,2.829223630000115,0,0,1,0,0,1,1,0,0,0
2,1,0,0.9279999999999999,1.384,0.6,-240.22973633000015,1,0,0,1,0,0,0,1,0,1
393,0,0,2.1279999999999997,0.6499999999999999,2.8,32.09179687999995,0,1,0,0,0,1,0,1,0,1
157,2,0,0.6040000000000001,2.3939999999999997,-1.4,-98.74145522000026,0,0,0,0,0,0,0,0,0,1
497,2,0,1.454,0.974,1.0,165.71569824000017,0,1,0,1,1,0,0,1,0,0
817,0,0,2.886,0.8019999999999999,2.6,219.37231444999998,0,1,0,1,1,0,0,1,0,1
582,0,0,1.442,1.7919999999999998,-1.0,18.51147461000005,1,0,0,0,0,0,1,0,0,0
289,0,0,1.7799999999999998,1.4260000000000002,1.0,235.96606444999998,0,1,0,1,0,1,1,0,1,0
445,2,0,2.134,0.8779999999999999,0.4,124.83605956999986,0,0,0,1,1,0,1,0,1,0
237,0,0,1.7240000000000002,1.202,0.2,39.95336913999995,1,0,0,1,0,1,0,0,1,0
667,1,0,1.3099999999999998,1.26,0.4,-7.616455070000029,0,0,0,1,1,0,0,1,0,1
53,0,1,1.4020000000000001,1.5,-0.2,-136.74938964000012,1,0,0,1,0,0,0,0,0,0
171,1,1,2.6060000000000003,0.414,1.2,31.918579099999988,0,1,0,1,1,0,1,0,1,0
549,0,1,1.6219999999999999,1.2060000000000002,-0.2,38.47729492000008,0,0,1,0,0,1,0,1,0,0
752,0,1,1.182,1.754,-0.8,-149.88317871000004,0,0,0,0,1,0,0,0,0,1
615,0,1,1.9060000000000001,1.3559999999999999,0.8,158.3420410199999,1,0,0,1,0,1,1,0,0,1
719,0,1,1.2939999999999998,1.5080000000000002,0.4,19.62133788999995,1,0,0,1,1,0,0,0,0,1
766,1,1,1.112,1.344,-0.8,-209.18823242999997,0,0,0,0,1,0,0,1,1,0
341,0,1,1.498,1.014,1.2,-215.0473632799999,0,1,0,1,0,1,1,0,0,0
105,2,1,1.6079999999999999,0.6639999999999999,1.0,-74.38244628000007,0,1,0,1,1,0,0,1,1,0
223,0,1,0.786,1.198,-0.4,42.45715325000015,0,0,0,0,0,0,0,1,0,0
290,0,1,1.996,1.614,1.2,207.14331055000002,0,1,0,1,1,0,1,0,0,1
3,0,1,0.968,1.6919999999999997,0.4,-14.177978519999897,0,1,0,0,0,1,0,1,0,0
158,2,1,0.642,2.1420000000000003,-1.2,-70.23010247999991,0,0,0,0,0,0,0,1,1,0
498,0,1,1.3,0.952,0.8,-116.60778808000009,0,1,1,0,0,1,0,0,1,0
583,0,1,1.7759999999999998,1.736,-0.8,12.503173829999923,0,0,0,0,1,0,0,0,0,1
668,0,1,1.156,1.036,0.6,-64.63317871000004,0,1,1,0,0,1,0,1,0,0
394,0,1,1.8060000000000003,0.694,2.4,189.08801270000004,0,0,0,1,0,1,0,1,0,1
818,2,1,2.768,0.61,2.4,178.84179687000005,0,1,1,0,0,1,0,1,0,1
446,0,1,2.214,0.624,0.6,-36.11010741999985,0,1,1,0,1,0,1,0,1,0
238,0,1,2.126,1.066,0.4,111.34558105000019,0,1,0,1,0,0,1,0,0,1
342,0,1,1.846,0.978,1.2,-123.10888671999987,0,1,0,1,1,0,0,0,0,1
106,0,1,1.484,0.72,0.8,-197.04321290000007,0,1,1,0,0,1,1,0,1,0
54,1,1,1.246,1.498,0.4,-155.66333008000015,0,1,0,0,0,0,0,0,0,1
172,0,1,2.5680000000000005,0.5119999999999999,0.4,200.07055664000018,0,1,1,0,1,0,1,0,0,0
224,1,1,1.064,0.9940000000000001,0.0,-211.19567871000004,0,0,0,0,0,1,0,0,0,1
550,2,1,1.594,0.844,1.0,-56.384277339999926,1,0,0,1,0,1,0,0,0,1
753,1,1,1.232,1.474,0.0,-249.86474609000015,0,0,1,0,0,0,0,1,0,1
616,0,1,2.58,0.9819999999999999,1.8,246.9067382300002,0,1,0,1,1,0,0,1,0,1
720,0,1,1.3379999999999999,1.7120000000000002,0.8,21.582763670000077,0,1,1,0,0,0,0,1,0,1
767,0,1,0.9980000000000002,1.576,-1.2,26.14135741999985,0,0,1,0,0,1,1,0,0,0
55,1,1,1.128,1.504,-0.4,-242.17126465,0,0,0,0,0,0,0,1,0,0
225,0,1,1.034,1.1560000000000001,-0.4,-36.5185546900002,0,0,0,1,0,0,0,1,0,0
551,2,1,1.438,0.916,1.0,-69.90856933000009,0,1,0,1,0,0,0,1,1,0
754,0,1,1.01,1.428,0.0,-29.379516599999988,1,0,0,0,0,1,0,1,0,0
721,1,1,1.288,1.448,0.8,-115.11560058000009,1,0,0,0,0,1,0,1,0,1
768,0,1,1.2,1.33,-0.4,103.00573767000014,1,0,0,1,1,0,0,0,0,1
343,1,1,1.834,1.064,1.2,-91.64343261999988,0,1,1,0,0,0,0,1,0,1
173,0,1,2.298,0.568,0.0,-30.915283199999976,1,0,1,0,1,0,0,0,0,1
617,0,1,2.556,0.89,2.2,188.01086426000006,0,1,1,0,0,1,0,1,0,1
107,1,1,1.56,0.9800000000000001,0.6,-127.84082031000003,1,0,0,1,1,0,1,0,0,1
291,0,1,1.9440000000000002,1.7240000000000002,1.0,202.5093994099998,0,1,1,0,1,0,0,1,0,1
4,0,1,1.262,1.746,0.2,5.488159180000139,0,0,0,1,0,1,0,0,0,1
395,0,1,1.67,0.44800000000000006,2.8,242.46215819999998,0,1,0,1,0,1,0,1,0,1
159,1,1,0.8600000000000001,1.6740000000000002,-0.6,-298.90698197999996,0,0,0,0,0,1,1,0,1,0
499,1,1,1.3219999999999998,1.138,0.6,47.48742674999994,1,0,0,1,0,0,1,0,0,1
447,0,1,2.0159999999999996,0.6900000000000002,0.2,185.55712891000007,1,0,1,0,1,0,1,0,0,1
584,1,1,1.9740000000000002,1.3800000000000001,0.2,-38.358886710000206,0,0,1,0,0,0,0,1,0,1
669,2,1,1.1520000000000001,0.998,0.4,11.052978510000003,1,0,0,1,0,1,0,0,0,1
819,0,1,2.19,0.718,1.6,162.73486328000013,1,0,0,1,0,1,0,1,1,0
239,1,1,1.954,1.0399999999999998,0.4,-73.02319335999982,0,1,0,0,1,0,0,1,0,1
160,2,1,0.9059999999999999,1.6919999999999997,-0.8,-162.6405034200002,0,0,0,1,1,0,1,0,0,0
5,0,1,1.1939999999999997,1.598,0.6,14.446533199999976,0,1,0,1,0,0,0,1,0,1
396,0,1,1.4600000000000002,0.52,2.8,206.11865233999993,0,1,0,1,0,1,0,1,0,1
500,0,1,1.332,1.2,0.2,47.96179200000006,0,1,0,0,1,0,0,1,0,0
820,0,1,2.416,0.6499999999999999,2.2,-16.251831060000086,0,1,0,1,0,1,1,0,0,1
448,0,1,1.7899999999999998,0.6,0.6,197.30175781999992,1,0,1,0,1,0,0,1,0,1
240,1,1,1.092,1.1760000000000002,-0.6,62.66479492000008,0,0,1,0,0,1,0,1,0,0
585,1,1,1.67,1.512,-0.2,-13.316040030000067,1,0,0,0,0,1,0,1,0,0
292,0,1,1.6280000000000001,1.4,1.0,249.13598632000003,1,0,1,0,0,1,0,1,0,1
670,1,1,1.086,1.044,0.4,-197.64819336000005,0,1,0,1,0,0,0,1,1,0
108,0,1,1.4200000000000002,1.3459999999999999,0.4,-7.452758789999962,0,1,1,0,1,0,0,1,0,0
174,0,1,2.0320000000000005,0.67,0.2,213.29992676000006,1,0,1,0,0,0,0,1,0,1
226,2,1,1.278,1.308,0.4,-126.87976073999994,0,1,0,0,0,1,0,0,0,1
755,2,1,0.9780000000000001,1.396,0.2,-246.05712889999995,0,0,0,1,0,1,0,0,0,1
722,0,1,1.152,1.332,0.4,124.66784684999993,0,0,0,1,0,1,0,1,0,0
769,1,1,1.3820000000000001,1.4120000000000001,-0.2,-134.28942871000004,0,1,1,0,0,0,0,1,0,1
344,2,1,1.4140000000000001,1.246,-0.2,-234.19445801000006,1,0,0,0,0,1,0,1,0,0
56,1,1,0.808,1.4580000000000002,-0.4,24.35168457000009,0,0,0,0,0,1,0,0,0,0
552,0,1,1.516,1.034,0.6,42.81359864000001,0,1,0,0,0,1,1,0,1,0
618,0,1,2.5700000000000003,0.976,2.0,-42.110839839999926,1,0,0,1,0,1,0,1,0,1
6,0,1,1.524,1.528,1.0,-69.08618163999995,0,1,0,0,0,1,0,1,0,1
161,0,1,0.9380000000000001,1.7280000000000002,-0.4,-99.3249512299999,0,1,1,0,1,0,0,0,1,0
501,1,1,1.284,1.214,0.0,-136.22827149,0,0,1,0,0,1,0,0,0,1
756,1,1,1.1999999999999997,1.4,0.8,-65.53088378999996,0,1,0,1,0,0,0,1,1,0
586,1,1,1.4919999999999998,1.814,-0.8,-264.04614258000015,0,0,0,1,0,1,0,0,0,0
619,0,1,2.396,1.058,2.4,164.43859862999966,0,1,0,1,0,1,0,1,0,1
671,2,1,1.09,1.568,-0.4,6.290405279999959,0,1,0,0,0,1,1,0,0,0
770,0,1,1.3,1.6179999999999999,-0.8,55.44445799999994,1,0,0,0,0,1,0,1,0,0
109,0,1,1.486,1.254,0.6,-133.2559814499998,1,0,1,0,0,1,0,0,0,1
449,2,1,1.6939999999999997,0.664,0.8,-25.759155270000065,1,0,1,0,0,1,0,1,0,1
345,2,1,1.616,1.346,-0.2,20.41479491999985,0,0,0,1,0,1,0,0,1,0
57,1,1,0.8119999999999999,1.2959999999999998,-0.2,-138.64562989,0,0,0,1,0,0,0,0,0,0
821,1,1,1.9739999999999998,0.568,2.2,244.5645751899999,0,1,0,1,1,0,0,1,0,1
175,2,1,1.948,0.742,0.4,-18.650390630000174,1,0,0,0,0,1,0,1,0,1
227,1,1,1.138,1.1019999999999999,0.0,-64.79406739000001,0,0,0,1,0,0,0,1,1,0
553,2,1,1.562,0.9239999999999998,0.6,-132.80163574000017,0,0,0,1,1,0,1,0,0,1
723,0,1,1.184,1.1099999999999999,1.6,79.84729003999996,0,1,0,1,0,1,0,0,0,1
293,0,1,1.864,1.142,1.4,233.38073729999996,1,0,0,1,0,1,0,1,0,1
397,0,1,1.3920000000000001,0.46799999999999997,2.4,318.92163071000004,0,1,0,1,0,1,0,1,0,1
241,0,1,1.052,1.0619999999999998,-0.4,-24.379394530000127,1,0,0,1,0,1,0,0,0,0
294,1,1,2.12,1.19,1.6,264.46716309,0,1,0,1,0,1,0,1,0,1
346,1,1,1.3299999999999998,1.316,0.0,35.0407714800001,0,1,0,1,0,0,1,0,1,0
7,0,1,1.238,1.2660000000000002,1.0,-66.81005858999993,0,0,0,1,0,1,0,1,0,1
822,2,1,1.456,0.7,1.0,-50.16809081999986,0,1,1,0,0,1,0,1,0,0
228,2,1,1.296,1.3119999999999998,-0.2,-83.88684082000009,0,1,0,0,0,1,1,0,0,0
757,2,1,1.312,1.3539999999999999,-0.2,-264.51306151999984,0,1,0,0,0,1,1,0,0,0
587,0,1,1.47,2.064,-1.2,-93.61132812000005,0,1,0,1,0,0,0,0,0,0
450,2,1,1.7939999999999998,0.8079999999999998,0.8,257.3703615899999,1,0,0,1,0,1,0,1,1,0
554,2,1,1.262,1.1380000000000001,0.8,-60.61474609000015,0,1,1,0,1,0,0,1,1,0
771,1,1,1.556,1.6260000000000001,-0.2,-146.18383789000018,0,0,0,1,0,1,0,0,0,1
398,0,1,1.326,0.534,1.8,16.224365229999876,0,1,0,1,0,1,0,1,0,1
58,1,1,0.7879999999999999,1.1300000000000001,-0.2,16.21594239000001,0,1,0,0,0,0,0,0,0,0
110,0,1,1.268,1.176,1.4,131.3592529299999,1,0,0,1,0,0,0,1,0,1
162,0,1,1.028,1.6479999999999997,-0.2,-264.52917492999995,1,0,1,0,0,0,1,0,0,1
242,1,1,1.5180000000000002,0.8959999999999999,0.2,24.979736329999923,0,1,0,1,0,0,0,0,0,1
620,0,1,2.47,0.716,3.0,249.97900389999995,0,1,0,1,0,1,0,1,0,1
672,0,1,1.1139999999999999,1.3980000000000001,-0.6,-19.767333980000103,0,0,0,1,1,0,0,0,1,0
724,0,1,1.234,1.11,1.2,-3.4943847700001243,0,1,0,1,0,0,0,1,0,1
502,1,1,1.2,1.202,-0.4,-106.67675781000003,1,0,0,1,0,0,0,1,0,0
176,0,1,1.986,0.9400000000000001,0.4,220.95971680000002,0,0,0,1,0,1,0,1,1,0
295,0,1,1.7759999999999998,0.966,1.0,273.01135219,0,1,0,1,0,1,0,1,0,0
823,0,1,1.346,0.826,0.6,-39.90930174999994,1,0,0,1,0,1,0,0,1,0
451,0,1,1.7580000000000002,0.7659999999999999,0.8,182.6326904299999,0,1,0,1,0,1,1,0,1,0
229,2,1,1.1540000000000001,1.558,-0.4,-155.60791015000018,0,0,0,1,1,0,0,0,1,0
555,0,1,1.394,1.1480000000000001,0.4,88.47412108999993,1,0,1,0,0,1,1,0,1,0
758,1,1,1.082,1.21,-0.4,-69.84936524,0,0,0,1,1,0,0,0,1,0
772,2,1,1.472,1.5879999999999999,-0.2,1.0594482399999379,0,1,0,1,0,0,0,1,0,0
8,2,1,1.47,0.9199999999999999,1.4,-245.71191406000003,0,1,0,1,0,1,0,1,0,1
588,0,1,1.0459999999999998,1.848,-1.2,-66.90478515999985,0,1,0,0,0,0,0,0,0,1
347,1,1,0.85,1.328,-0.6,-237.53845215,0,1,0,0,1,0,1,0,0,0
399,0,1,1.4860000000000002,0.646,2.0,251.45239257000003,0,1,0,1,0,1,0,1,0,1
59,0,1,0.8239999999999998,1.098,-1.6,-13.244140630000174,0,0,0,0,0,0,0,0,0,0
111,0,1,1.456,1.584,2.0,151.26989746000004,0,1,0,0,0,1,0,1,0,1
163,2,1,1.258,1.7259999999999998,0.2,-67.26818864999996,1,0,0,0,1,0,0,1,0,1
673,2,1,1.274,1.512,-0.2,-54.29870605999986,0,1,1,0,0,0,1,0,0,1
725,0,1,1.392,1.0739999999999998,1.0,86.88830566999991,0,1,0,0,0,1,0,1,0,1
621,0,1,2.104,0.8400000000000001,2.2,135.64733886000022,0,1,0,1,0,1,0,1,0,1
503,0,1,0.9019999999999999,1.548,-1.0,-144.37329102000012,0,1,0,0,0,1,0,0,0,0
504,0,1,0.8039999999999999,1.466,-1.0,110.23657208999998,0,0,0,1,0,0,0,0,0,1
824,0,1,1.516,0.8379999999999999,1.0,-42.70080566999991,0,1,0,1,0,0,1,0,0,1
452,2,1,2.238,0.788,1.0,236.63745117000008,0,1,0,1,1,0,1,0,0,1
556,0,1,1.478,1.052,0.6,83.74304198999994,1,0,0,1,1,0,1,0,0,1
589,0,1,0.756,1.844,-1.4,-17.713378909999847,0,0,0,0,0,0,0,1,0,1
674,1,1,1.116,1.5839999999999999,-0.4,-67.92419433999999,1,0,0,0,1,0,0,1,1,0
726,1,1,1.268,1.022,0.8,101.85412597999994,0,0,0,1,0,1,0,1,0,1
759,1,1,1.012,1.3439999999999999,-1.0,-264.8834228500002,0,1,1,0,0,0,1,0,0,0
622,0,1,1.902,0.858,2.4,71.1713867200001,0,1,0,1,0,1,0,1,0,1
773,1,1,1.348,1.51,-0.4,-198.86499024,0,1,0,0,0,1,0,0,1,0
177,2,1,2.0520000000000005,0.7,1.0,181.4122314499998,0,1,0,1,0,1,1,0,0,1
348,0,1,0.768,1.59,-1.2,-76.79003906000003,0,0,1,0,1,0,0,0,0,0
112,0,1,1.5559999999999998,1.41,2.2,72.83422852000012,0,0,0,1,0,1,0,1,0,1
164,0,1,1.1420000000000001,1.562,0.2,-61.76721237000015,0,0,1,0,0,1,0,1,1,0
825,0,1,1.784,0.9359999999999999,0.8,175.99658203000013,0,1,0,0,1,0,0,1,0,1
349,0,1,1.404,1.5719999999999998,-0.6,-14.595581049999964,1,0,1,0,0,0,0,0,0,1
60,0,1,0.868,1.028,-1.2,-14.19946288999995,0,0,0,0,0,0,0,0,0,1
113,0,1,1.916,0.9640000000000001,3.0,175.35766629999966,0,1,0,1,0,1,0,1,0,1
557,1,1,1.4420000000000002,0.858,1.0,-202.57189941000001,0,1,1,0,1,0,0,1,0,1
760,2,1,0.9179999999999999,1.58,-1.6,-48.75891112999989,1,0,0,0,1,0,0,0,0,0
727,0,1,1.218,1.082,0.8,-167.15039062999995,0,1,0,1,0,1,0,1,0,0
774,1,1,1.03,1.634,-0.8,-40.59301758000015,0,0,0,1,0,0,1,0,0,0
178,2,1,1.9599999999999997,0.656,0.6,22.46643066999991,0,1,0,1,1,0,0,1,1,0
230,1,1,1.216,1.2979999999999998,0.2,-249.02099609000015,0,1,1,0,0,0,1,0,1,0
623,0,1,1.8760000000000001,0.766,2.4,121.56665038999995,0,1,0,1,0,1,0,1,0,1
9,1,2,1.24,0.8799999999999999,1.2,-195.47375488000012,0,1,0,1,0,1,0,1,1,0
400,1,2,1.61,0.6540000000000001,2.2,278.91918945,0,1,0,1,0,1,0,1,0,1
165,0,2,1.388,1.46,1.0,-89.20605451000006,1,0,0,1,0,1,1,0,0,1
505,0,2,1.04,1.4360000000000002,-0.2,40.02392578000013,0,1,0,0,0,0,0,1,0,1
826,0,2,1.9499999999999997,1.056,0.8,58.477783199999976,0,0,1,0,0,1,0,1,0,1
453,2,2,2.34,0.8559999999999999,0.6,156.89294433999976,0,1,1,0,1,0,0,1,1,0
243,2,2,1.254,0.868,-0.4,81.85839843999997,0,1,0,0,0,0,0,1,0,0
675,0,2,1.192,1.67,-0.6,29.5122070299999,0,0,1,0,0,1,1,0,0,0
296,2,2,2.254,0.834,1.0,-17.98840331999986,0,1,0,1,0,1,0,0,0,1
590,2,2,0.8320000000000001,1.4140000000000001,-0.6,39.46740722000004,0,0,0,0,0,1,0,1,0,1
10,0,2,1.2600000000000002,1.1800000000000002,0.6,-44.94372558000009,0,1,0,1,0,1,1,0,0,0
506,0,2,1.182,1.28,0.0,148.45080567000014,0,0,0,0,0,1,0,1,0,1
454,2,2,1.968,0.752,0.4,78.09826660999988,1,0,1,0,0,1,1,0,1,0
676,0,2,1.238,1.188,0.2,-65.73767090000001,1,0,0,1,1,0,0,0,0,1
297,0,2,1.984,0.9799999999999999,0.8,162.0860595700001,0,1,0,1,0,0,0,1,1,0
401,0,2,1.8779999999999997,0.884,1.4,39.720336920000136,0,1,0,1,0,1,0,1,0,0
166,0,2,1.366,1.476,1.2,2.37561044999984,0,1,0,1,1,0,0,1,0,1
827,2,2,1.7759999999999998,0.994,1.4,201.61621093000008,1,0,0,1,0,1,0,1,0,1
244,0,2,1.14,1.206,-0.6,68.28369141000007,0,0,0,0,0,1,0,0,1,0
591,1,2,0.834,1.2120000000000002,0.0,-224.57861328000013,0,0,0,1,0,1,0,1,1,0
350,1,2,1.2719999999999998,1.41,-0.2,-251.75903319999998,1,0,0,0,0,0,0,1,0,1
179,0,2,2.2380000000000004,0.99,0.4,241.2652589500001,0,1,1,0,0,1,1,0,1,0
231,2,2,1.116,1.5899999999999999,-0.8,-64.54821776999984,1,0,0,0,1,0,1,0,0,0
558,1,2,1.192,1.0939999999999999,0.4,-153.28320312999995,1,0,1,0,0,1,0,1,0,0
624,0,2,1.9840000000000004,0.6940000000000001,2.2,212.2813720700001,0,1,0,1,0,1,0,1,0,1
728,1,2,1.42,1.068,0.8,-29.338256839999985,0,1,0,1,0,1,0,0,0,1
775,0,2,1.322,1.6019999999999999,-0.6,42.627075189999914,0,1,0,0,1,0,0,0,0,0
114,0,2,1.97,0.9019999999999999,3.2,24.75646972000004,0,1,0,1,0,1,0,1,0,1
761,1,2,0.752,1.3659999999999999,-1.6,-252.19067382999992,0,0,1,0,0,0,0,0,1,0
61,0,2,0.8720000000000001,0.908,-0.8,-198.48022461000005,0,0,0,0,0,0,0,1,0,1
62,2,2,1.216,0.756,0.0,-82.19921875,0,0,0,0,0,1,0,1,0,1
115,0,2,2.3679999999999994,0.914,2.8,129.06970215000024,0,1,0,1,0,1,0,1,0,1
245,1,2,1.7739999999999998,1.2200000000000002,0.4,-121.43701171999987,0,0,0,1,0,0,1,0,0,1
559,0,2,1.462,0.8800000000000001,0.2,71.20300285000008,1,0,0,1,0,1,0,0,0,0
762,2,2,0.71,1.4060000000000001,-1.8,-86.47912597000004,1,0,0,0,0,0,1,0,0,0
625,0,2,1.674,0.7379999999999999,2.2,223.0363769500002,0,1,0,1,0,1,0,1,0,1
677,0,2,1.2120000000000002,1.4899999999999998,0.6,25.341552739999997,0,1,1,0,0,0,0,1,0,1
455,0,2,2.366,0.6,0.4,-51.81335448999994,1,0,0,1,1,0,1,0,1,0
729,1,2,1.488,1.1179999999999999,0.2,-159.5179443400002,0,1,0,1,0,0,0,1,0,0
232,1,2,1.0619999999999998,1.672,-0.8,-231.71911621000004,0,0,1,0,1,0,0,0,1,0
351,0,2,1.142,1.5919999999999999,-0.6,55.13708496999993,0,0,0,0,0,1,0,1,0,0
167,0,2,1.544,1.41,1.2,-50.40673785000013,0,1,1,0,0,1,0,1,0,1
592,0,2,0.8760000000000001,1.2760000000000002,0.4,-69.33020019000014,0,1,0,1,0,1,1,0,0,0
776,2,2,1.2520000000000002,1.4439999999999997,-1.0,-115.22460938000017,0,0,1,0,0,0,0,0,0,1
11,1,2,0.804,1.272,0.2,-219.58728027000006,0,1,0,1,1,0,0,0,0,1
828,1,2,1.874,0.992,1.4,189.33557128999996,0,1,0,1,0,1,0,1,1,0
402,0,2,1.892,1.1300000000000001,1.2,176.13806152999996,0,1,0,1,0,1,0,0,0,1
298,0,2,2.068,0.932,1.0,84.65417480999986,0,1,0,0,0,1,1,0,0,1
63,1,2,1.518,0.606,0.2,-196.21777343999997,0,0,0,1,0,1,0,1,1,0
233,0,2,1.174,1.3519999999999999,-0.6,-11.861938470000041,1,0,1,0,0,0,1,0,0,0
180,2,2,2.578,0.8639999999999999,0.6,-10.66723633000015,1,0,0,1,1,0,1,0,0,1
64,1,2,1.166,0.704,0.8,26.47692871000004,0,1,0,1,0,1,1,0,0,0
246,2,2,1.8199999999999998,1.672,0.0,105.46472127000015,0,1,0,0,1,0,0,1,0,0
560,2,2,1.524,0.9359999999999999,0.6,-0.5322265600000264,0,1,0,1,0,0,0,0,0,1
763,1,2,0.954,1.5659999999999998,-1.8,-69.09570312000005,0,0,0,0,1,0,0,0,1,0
730,1,2,1.246,1.1700000000000002,-0.2,-58.688110350000215,0,1,0,0,0,1,0,0,0,0
116,1,2,2.2299999999999995,0.654,2.6,-112.41967774,0,1,0,1,0,1,0,1,0,1
456,2,2,2.17,0.526,0.8,252.23205566000001,0,1,1,0,1,0,1,0,0,1
234,2,2,1.08,1.182,-0.4,-282.1567382799999,1,0,0,0,1,0,0,0,0,1
626,0,2,1.812,0.6519999999999999,2.8,46.52282715000001,0,1,0,1,0,1,0,1,0,1
678,1,2,1.174,1.3820000000000001,0.6,-194.20605468999997,1,0,0,0,0,1,0,1,0,1
777,0,2,1.32,0.924,-0.2,-206.45922851,1,0,0,0,0,0,0,1,1,0
352,2,2,1.614,1.3539999999999999,0.6,-13.337768560000086,0,0,0,1,0,1,0,0,0,1
12,2,2,0.796,1.4900000000000002,-0.4,-10.683715819999861,0,1,1,0,0,0,0,1,0,0
168,1,2,1.52,1.292,1.2,43.57824735999998,1,0,0,1,0,1,0,1,0,1
507,0,2,1.3519999999999999,1.3019999999999998,1.0,109.44421386999988,0,0,0,1,0,1,0,1,0,1
181,0,2,2.3259999999999996,0.734,0.6,204.85510253999996,0,1,1,0,1,0,0,1,1,0
593,0,2,0.8,1.4320000000000002,0.6,-141.41625976,0,1,0,1,1,0,0,0,0,1
299,0,2,1.7259999999999998,0.756,1.0,-54.01611329000002,0,0,0,1,1,0,0,1,0,1
829,2,2,1.6019999999999999,1.1179999999999999,0.8,128.95507811999983,0,1,0,1,0,1,1,0,0,0
403,0,2,1.904,1.316,1.2,325.47644043000014,0,1,0,1,0,0,0,1,0,1
247,1,2,1.5979999999999999,1.5559999999999998,-0.6,-116.00817870999981,0,0,1,0,0,1,0,0,1,0
117,0,2,2.0020000000000002,0.986,1.6,135.9454345700001,0,1,0,1,0,1,0,1,0,0
731,1,2,1.15,1.0159999999999998,-0.6,-242.83044433999999,0,0,0,1,0,0,0,0,0,0
353,0,2,1.8599999999999999,1.196,1.0,-0.7197265699999207,0,1,0,1,0,0,0,1,1,0
182,0,2,2.268,0.7500000000000001,1.4,111.44213867999974,1,0,1,0,0,1,1,0,0,1
235,1,2,1.2,1.5779999999999998,-0.4,-122.2578125,0,0,1,0,0,0,0,1,1,0
561,1,2,1.614,1.064,0.4,-169.58105468000008,0,1,0,0,0,0,0,1,1,0
764,1,2,1.23,1.486,-1.2,-54.89379882999992,0,0,1,0,0,0,1,0,0,0
65,0,2,1.1179999999999999,0.764,0.2,48.67346216999999,0,1,0,1,1,0,0,0,0,0
627,0,2,2.206,0.624,2.4,5.303222649999952,0,1,0,1,0,1,0,1,0,1
778,1,2,1.352,0.9179999999999999,0.0,-147.27600097999994,0,0,0,0,0,1,1,0,0,1
404,0,2,1.9439999999999997,1.128,1.4,292.0596923800001,0,1,0,0,0,1,0,1,0,1
300,0,2,1.668,0.73,1.6,276.35070800999983,0,1,1,0,0,1,0,1,0,1
183,0,2,2.412,1.036,1.6,199.76452636999988,1,0,0,1,1,0,0,1,0,1
248,2,2,1.6079999999999999,1.7159999999999997,-0.6,-146.4180908200001,1,0,0,1,0,0,1,0,0,0
508,1,2,1.374,1.034,2.2,-129.58166503999996,0,1,0,1,0,1,0,1,0,1
301,0,2,1.704,0.67,1.6,85.96582031000025,1,0,0,1,0,1,0,1,0,1
13,1,2,0.7220000000000001,1.516,-0.6,-24.774414060000026,1,0,0,0,0,1,0,0,1,0
405,0,2,2.1700000000000004,1.2599999999999998,1.2,345.74938965,0,0,0,1,0,1,0,1,0,1
169,1,2,1.488,1.5579999999999998,0.8,-302.9813234799999,0,1,0,1,0,1,0,1,0,0
509,2,2,1.2560000000000002,1.388,0.8,71.30725097000004,0,1,0,1,0,1,0,1,0,0
830,0,2,1.336,0.9879999999999999,0.4,269.66882324999983,0,1,0,1,1,0,0,0,1,0
457,0,2,1.9280000000000002,0.5820000000000001,0.4,199.66870117000008,1,0,1,0,1,0,0,1,1,0
249,1,2,1.766,1.3880000000000001,-0.6,52.47204590000001,0,1,0,0,1,0,0,0,1,0
594,0,2,1.0059999999999998,1.33,0.4,-8.609497069999861,0,1,1,0,0,0,0,1,0,1
679,1,2,1.03,1.1380000000000001,0.4,-245.51977538999995,0,0,0,1,0,1,0,1,0,0
302,0,0,2.188,0.834,2.0,131.16052246000004,0,1,0,1,0,1,0,1,0,1
406,1,0,2.104,0.9880000000000001,2.2,280.4180908200001,0,1,0,1,0,1,0,1,0,1
66,1,0,1.534,0.806,0.8,167.15185546999987,0,1,1,0,0,0,0,0,0,1
118,0,0,1.782,1.174,1.2,89.07690430000002,0,1,0,1,0,1,0,0,0,1
250,2,0,1.508,1.2399999999999998,-1.2,42.76367187000005,0,0,1,0,0,0,1,0,0,0
680,2,0,0.924,1.566,-0.4,-233.96777343999997,0,1,0,1,0,1,0,0,0,0
732,0,0,1.168,1.156,-0.4,-8.552978519999897,0,1,0,0,0,0,0,0,0,0
458,0,0,1.6039999999999999,0.4779999999999999,0.8,185.53491210999982,1,0,1,0,0,1,1,0,0,1
354,1,0,1.408,1.19,1.0,39.50427246000004,0,1,0,0,0,1,1,0,0,1
14,1,0,0.93,1.6460000000000001,-0.8,-6.632934570000089,0,0,0,1,0,0,1,0,0,0
510,0,0,1.44,1.3319999999999999,0.4,134.55664062000005,0,1,0,1,0,1,0,0,1,0
831,0,0,1.578,1.018,0.8,222.31591796999987,0,1,1,0,0,0,1,0,0,1
251,0,0,1.874,0.736,-0.6,21.633422849999988,1,0,0,0,1,0,0,0,1,0
562,0,0,1.4899999999999998,1.434,-0.6,-193.1800537099998,0,0,0,0,0,1,1,0,0,0
595,1,0,1.1480000000000001,1.39,0.4,-210.6518554700001,1,0,0,0,0,1,0,1,0,1
628,1,0,2.428,0.646,2.4,-1.174682619999885,0,1,0,1,0,1,0,1,0,1
184,2,0,2.272,0.686,2.0,112.265625,0,1,1,0,0,1,0,1,0,1
355,1,0,1.338,1.556,0.2,-234.8282470700001,0,0,0,1,1,0,0,1,0,0
67,1,0,1.296,0.798,-0.4,-26.180297849999988,1,0,0,0,0,0,0,1,0,0
459,0,0,1.886,0.5700000000000001,1.6,154.31445313000017,1,0,0,1,1,0,0,1,0,1
681,2,0,1.018,1.9439999999999997,-0.6,49.236694339999985,0,1,0,1,0,0,0,0,1,0
407,0,0,2.0439999999999996,0.6460000000000001,1.8,138.40014647999988,0,1,0,1,0,1,0,1,0,0
832,0,0,1.924,0.9,0.6,7.489501949999749,1,0,0,0,1,0,0,1,0,1
629,2,0,2.272,0.658,2.0,248.01416016000007,0,1,0,1,0,1,0,1,0,0
733,2,0,1.05,1.02,-0.6,-8.273803710000038,0,0,0,0,0,0,0,0,0,1
303,0,0,2.268,1.004,1.6,201.00341796999987,0,1,0,1,0,1,0,1,0,1
119,1,0,1.4,1.1640000000000001,0.6,-115.39550781000003,0,1,0,1,0,0,0,1,0,1
511,1,0,1.478,1.0759999999999998,0.4,-193.90124511999988,0,1,0,1,0,0,1,0,0,1
185,0,0,2.05,0.776,1.6,11.184692379999888,1,0,0,1,0,1,0,1,1,0
252,1,0,2.008,1.04,-0.4,71.15075683999999,0,0,1,0,0,0,1,0,0,1
563,2,0,1.45,1.4040000000000001,-0.2,-206.0032959,0,0,0,1,1,0,0,0,0,1
15,0,0,1.1139999999999999,1.296,-0.6,38.37524413999995,0,1,0,0,1,0,0,0,0,0
596,1,0,1.088,1.8779999999999997,-0.4,34.22119140999985,0,0,0,1,0,1,0,1,0,0
779,0,0,1.534,1.25,-0.6,136.5020751999998,0,0,0,1,1,0,0,1,0,0
356,0,0,1.322,1.5379999999999998,0.4,34.45715331999986,0,1,1,0,0,1,0,0,0,0
68,1,0,1.0859999999999999,0.8360000000000001,-0.8,-75.9213867200001,0,0,0,0,0,1,0,0,0,0
833,2,0,2.2159999999999997,0.8220000000000001,1.4,195.55151366999985,0,0,1,0,0,1,0,1,0,1
630,2,0,2.4040000000000004,0.778,1.2,249.48901367999997,0,1,0,1,0,1,0,0,1,0
682,1,0,0.9279999999999999,1.7479999999999998,-1.0,-254.57617187999995,0,1,0,0,0,0,1,0,1,0
734,2,0,0.82,1.1099999999999999,-0.4,-5.8671875,0,0,0,0,0,0,0,1,1,0
408,2,0,1.964,0.488,1.8,78.63391113000012,0,1,0,1,0,1,0,0,0,1
460,0,0,1.828,0.624,2.0,139.70874024000022,0,1,1,0,0,1,0,1,0,1
16,2,0,1.108,1.47,-0.6,143.33520507999992,0,0,1,0,0,0,0,0,0,1
120,0,0,1.1179999999999999,1.454,-0.4,100.42443847999994,0,1,0,0,0,1,0,1,0,0
512,1,0,1.552,1.0379999999999998,-0.2,-131.10852050999983,0,1,0,0,1,0,0,1,0,0
186,0,0,2.198,0.764,2.6,310.36035156,0,1,0,1,0,1,1,0,0,1
253,1,0,1.7839999999999996,0.866,-0.4,-200.47937011999988,1,0,0,0,1,0,0,1,0,0
564,1,0,1.524,1.7600000000000002,0.0,-242.83508300999983,0,1,1,0,0,0,0,1,1,0
597,1,0,1.1920000000000002,1.624,-0.2,24.356201170000077,0,1,0,1,0,1,0,0,0,0
780,1,0,1.472,0.9780000000000001,0.0,-231.8626709,0,1,1,0,0,1,0,0,0,1
304,0,0,2.6320000000000006,0.9879999999999999,2.0,194.57275389999995,0,1,0,1,0,1,0,1,0,1
357,2,0,1.0539999999999998,1.666,-0.2,-73.83898925999983,1,0,0,1,0,0,0,0,0,1
409,1,0,1.718,0.792,1.2,22.68383790000007,0,1,0,1,0,0,0,1,1,0
461,0,0,2.2960000000000003,0.8520000000000001,2.4,312.29064941,1,0,0,1,0,1,0,1,0,1
565,0,0,1.284,1.7600000000000002,-1.2,-17.849487299999964,1,0,0,0,0,1,1,0,0,0
735,2,0,0.858,0.8540000000000001,-0.2,3.3887939499998083,0,0,0,0,0,1,1,0,1,0
781,0,0,1.3900000000000001,1.2420000000000002,-0.4,9.458862310000086,1,0,0,1,0,0,0,1,0,0
305,0,0,2.926,1.0180000000000002,2.0,254.59301758000015,0,1,0,1,0,1,0,1,0,1
121,1,0,1.186,1.2719999999999998,-0.6,77.26660156000003,0,0,0,1,0,1,0,0,0,1
17,2,0,1.128,1.084,-0.2,3.3532714899999974,1,0,0,0,0,0,0,1,1,0
69,0,0,1.516,0.7819999999999999,-0.8,-335.25720215,0,0,0,1,0,0,0,0,0,0
834,2,0,2.378,0.6199999999999999,1.6,-66.12597656999992,1,0,0,1,0,1,0,1,1,0
187,0,0,2.65,0.836,2.6,251.2076416,0,1,0,1,1,0,0,1,0,1
598,0,0,1.464,1.5699999999999998,-0.8,123.02160645000004,0,1,0,1,0,0,0,0,0,0
631,0,0,2.114,0.774,0.4,275.9888916100001,0,1,0,1,0,0,1,0,1,0
683,0,0,0.866,2.306,-2.4,-208.6463623100001,0,0,0,0,1,0,1,0,0,0
254,2,0,1.598,0.982,-0.6,34.533081049999964,0,0,1,0,0,1,0,0,0,0
513,2,0,1.95,1.296,-1.0,59.21459961000005,0,0,1,0,0,1,0,0,0,0
782,1,0,1.408,1.262,-0.2,68.16711425000017,0,1,0,0,0,1,0,0,0,1
410,0,0,1.416,0.8480000000000001,0.8,249.1424560500002,0,1,0,0,0,1,1,0,0,0
188,0,0,3.062,0.598,3.4,268.34020996999993,0,1,1,0,0,1,0,1,0,1
255,0,0,1.534,0.9959999999999999,-0.4,24.432495120000112,1,0,0,1,0,0,0,0,1,0
566,1,0,1.53,1.846,-1.0,38.38964843000008,0,0,0,1,1,0,0,0,0,1
599,1,0,1.4620000000000002,1.59,-0.6,-54.51477051000006,0,1,0,0,0,0,0,0,0,1
122,1,0,1.294,0.884,-0.2,-137.57019043000014,0,1,0,1,0,0,0,1,0,0
632,0,0,1.846,0.688,0.2,66.26501464999978,0,1,0,0,1,0,1,0,0,1
306,0,0,2.686,1.04,2.0,217.30688476,0,1,0,1,0,1,0,1,0,1
358,1,0,1.0740000000000003,1.4060000000000001,-0.2,-268.8787841799997,0,1,0,0,0,0,0,1,1,0
70,2,0,1.684,0.6779999999999999,-0.2,-45.28137206999986,0,1,0,0,0,0,0,0,0,1
835,0,0,2.5040000000000004,0.64,1.6,311.8634033200001,0,1,0,1,0,1,1,0,1,0
462,0,0,2.444,0.7160000000000001,3.2,-24.661621089999926,0,1,0,1,0,1,0,1,0,1
684,1,0,1.16,2.384,-2.0,-1.9902343699998255,0,0,1,0,1,0,0,0,0,1
736,1,0,1.0959999999999999,1.09,0.0,-292.32775878999996,0,0,0,1,1,0,1,0,1,0
514,0,0,2.026,0.7939999999999999,0.0,13.137695310000026,1,0,0,1,0,0,0,0,1,0
18,0,0,0.998,1.036,-0.2,11.015258789999962,0,0,0,0,0,1,1,0,1,0
935,0,0,0.8879999999999999,1.056,-0.4,-113.6875,0,1,1,0,1,0,0,0,0,1
902,1,0,1.226,1.3379999999999999,0.6,6.708251949999976,0,0,0,1,0,1,1,0,0,1
256,1,0,1.416,1.024,-0.2,11.921508789999962,0,1,0,0,0,0,1,0,0,1
567,2,0,1.51,1.596,-0.6,-51.55859375,0,1,1,0,0,0,0,1,0,0
600,1,0,1.2,1.7080000000000002,-1.0,19.42712402999996,0,0,0,0,0,0,0,1,0,0
783,1,0,1.2,1.5040000000000002,-1.0,-198.8269042999998,0,0,0,1,0,0,0,1,0,0
411,0,0,1.278,1.124,0.4,-7.538330079999923,0,0,0,1,1,0,0,0,0,1
123,0,0,1.228,1.506,-1.0,33.884643560000086,0,1,0,0,0,1,0,0,0,0
189,0,0,3.332,0.5159999999999999,3.6,102.73913574000017,1,0,0,1,0,1,0,1,0,1
633,0,0,1.904,0.6279999999999999,0.6,329.01977538999995,0,0,1,0,1,0,0,1,0,1
307,0,0,2.536,0.7839999999999999,1.8,-86.10449218000008,0,1,0,1,0,1,0,1,0,1
359,0,0,0.882,1.546,-0.6,110.67285156000003,0,0,0,0,0,1,1,0,0,0
19,0,0,0.834,0.8240000000000001,0.2,51.33166503999996,0,0,0,1,1,0,1,0,0,1
71,2,0,1.6280000000000001,0.7780000000000001,-1.0,-87.80480956999986,0,0,0,0,0,0,0,1,1,0
515,1,0,1.778,0.768,0.4,-238.7105712900002,0,1,0,0,0,0,1,0,0,1
836,0,0,2.5140000000000002,0.4160000000000001,1.6,182.45361328000013,0,1,0,1,1,0,1,0,0,1
463,0,0,2.46,0.8640000000000001,3.0,267.41540527000006,0,1,0,1,0,1,0,1,0,1
737,1,0,1.23,1.078,0.0,-277.21618652999996,0,1,1,0,1,0,1,0,0,0
685,0,0,1.248,1.642,-1.2,2.5024413999999524,1,0,1,0,0,0,0,1,0,0
869,2,0,0.866,1.3599999999999999,0.2,-39.59960937999995,0,0,0,1,0,1,1,0,1,0
784,2,0,1.1680000000000001,1.3880000000000003,-0.8,-84.49401854999974,0,1,0,0,0,1,0,0,0,0
72,0,0,1.8679999999999999,1.008,-0.4,-68.76538086000005,0,0,0,0,0,1,1,0,1,0
837,2,0,2.53,0.40800000000000003,2.0,-61.0200195299999,0,1,1,0,1,0,0,1,0,1
464,0,0,2.5639999999999996,0.9620000000000001,2.8,266.4185791,0,1,0,1,0,1,0,1,0,1
903,1,0,1.246,1.1960000000000002,0.8,-17.600219730000163,0,1,0,1,1,0,0,1,0,0
601,2,0,1.432,1.18,-0.4,-36.4643554700001,0,0,0,0,0,1,0,0,0,0
634,2,0,2.038,0.6319999999999999,1.0,298.9329834,1,0,1,0,0,1,0,1,0,1
20,1,0,0.8859999999999999,0.7859999999999999,0.8,-157.02978516000007,0,1,1,0,1,0,0,1,0,1
936,1,0,0.8879999999999999,0.89,-0.4,-434.9262695300001,1,0,1,0,0,0,0,1,0,1
257,0,0,1.184,0.684,-0.6,0.17077635999999075,0,0,0,0,1,0,0,1,0,0
870,2,0,0.9179999999999998,1.146,0.6,17.756591800000024,0,1,0,1,1,0,1,0,1,0
516,0,0,1.402,1.146,-0.4,-202.8035888700001,0,0,0,0,1,0,0,1,0,0
686,1,0,1.116,1.532,-0.8,-229.54809569999998,1,0,0,0,0,1,0,0,0,1
738,2,0,1.128,1.248,-1.0,16.378295900000012,1,0,1,0,1,0,0,0,0,0
308,0,0,2.412,0.72,2.0,321.15527344,0,1,0,1,0,1,0,1,0,1
360,1,0,1.072,1.3239999999999998,0.6,-23.92370605999986,0,0,0,1,1,0,0,0,0,1
412,0,0,1.39,1.218,0.8,300.6708984300001,0,1,1,0,0,0,0,1,0,1
124,0,0,1.666,1.7719999999999998,-1.0,23.953979489999938,0,0,0,1,0,0,0,0,0,1
190,0,0,3.4819999999999993,0.438,4.0,288.14599609000015,0,1,0,1,0,1,0,1,0,1
568,1,0,1.6239999999999999,1.5739999999999998,-0.8,-198.34008788999995,1,0,0,0,0,1,0,0,1,0
309,1,1,2.716,0.7060000000000001,2.4,-49.26025389999995,0,1,0,1,0,1,0,1,0,1
871,1,1,0.9099999999999999,1.1279999999999997,0.2,-242.88989257000003,0,1,1,0,1,0,1,0,1,0
413,0,1,1.5559999999999998,1.132,0.6,302.0913085899999,1,0,0,0,0,1,0,1,0,1
125,0,1,1.89,1.548,0.4,141.13854979999996,0,1,0,0,0,0,0,1,0,1
517,0,1,1.276,1.5879999999999999,0.0,35.682495119999885,0,0,1,0,0,1,0,0,0,1
569,0,1,1.3960000000000001,1.5639999999999998,-1.4,34.82348632999992,0,0,0,1,0,0,1,0,0,0
687,2,1,1.326,1.5859999999999999,-1.2,-244.48779296999987,0,0,0,1,0,0,0,1,0,0
739,2,1,1.14,1.224,-1.0,21.14135741999985,1,0,1,0,0,0,0,0,1,0
361,2,1,1.1960000000000002,1.162,0.6,-27.795043939999914,0,1,1,0,0,0,0,1,0,0
191,0,1,3.34,0.6799999999999999,3.2,348.2065429700001,0,1,0,1,0,1,0,1,0,1
21,0,1,0.9040000000000001,0.774,0.4,18.763916010000003,1,0,1,0,0,1,0,1,0,0
73,2,1,1.982,1.026,0.2,-34.69104003999996,0,0,0,1,1,0,1,0,0,1
937,0,1,0.65,1.36,-0.6,-95.89050292000002,1,0,0,0,0,1,0,1,0,0
904,1,1,1.034,1.504,-0.4,-114.43591307999986,0,1,1,0,0,1,0,0,0,0
602,0,1,1.3679999999999999,1.034,-0.2,-17.197509760000003,0,0,0,1,0,0,0,0,1,0
635,0,1,2.026,0.5820000000000001,1.0,244.3072509699998,1,0,0,1,0,1,0,1,1,0
785,0,1,0.968,1.44,-1.2,-303.05761719,0,0,0,1,0,0,0,0,1,0
838,2,1,2.0959999999999996,0.47000000000000003,1.2,198.48083496000027,1,0,1,0,0,1,0,1,1,0
465,1,1,2.37,0.9219999999999999,2.6,-41.48571776999984,0,1,0,1,0,1,0,1,0,1
258,2,1,1.64,0.6100000000000001,0.4,-165.37634277000006,0,0,1,0,0,1,0,0,0,1
22,0,1,0.8860000000000001,0.946,0.6,36.03540038999995,1,0,0,1,0,1,0,0,0,1
74,0,1,2.31,1.0459999999999998,0.4,-47.736938479999935,0,1,1,0,1,0,0,1,1,0
938,1,1,0.8619999999999999,1.18,-0.2,-374.23474121000004,0,0,0,1,0,1,0,0,0,1
839,2,1,2.0379999999999994,0.558,1.2,251.77563476,1,0,0,1,0,1,1,0,1,0
466,0,1,2.142,1.0539999999999998,1.6,259.4448242200001,0,1,0,1,0,1,0,1,0,0
905,1,1,0.674,1.448,-0.8,-77.74536132999992,1,0,0,1,0,0,0,0,0,0
259,1,1,1.7299999999999998,0.5439999999999999,0.6,-58.46459961000028,1,0,0,1,0,0,0,1,1,0
603,1,1,1.19,0.7959999999999999,0.2,-347.02783204,0,1,0,0,0,0,1,0,0,1
636,0,1,2.296,0.7,1.8,303.28356934,0,1,0,1,0,1,1,0,0,1
786,2,1,0.8320000000000001,1.3539999999999999,-0.8,-207.76489257999992,0,1,0,0,0,0,1,0,0,1
310,0,1,3.304,0.9019999999999999,1.6,232.6640625,0,1,0,1,0,1,0,1,0,0
872,2,1,1.1300000000000001,1.314,-0.8,-94.82434081999986,1,0,1,0,1,0,1,0,0,0
414,0,1,2.056,0.9120000000000001,1.0,244.63952636999988,0,0,0,1,0,1,0,1,0,1
518,1,1,0.968,1.428,0.4,133.32788086000005,1,0,0,1,0,0,0,1,0,1
192,0,1,2.818,0.6499999999999999,2.4,61.64453125,0,1,0,1,0,1,0,1,0,1
570,1,1,1.4860000000000002,1.3800000000000001,-0.4,12.897460940000201,0,1,0,0,1,0,0,0,0,1
688,1,1,1.192,1.08,0.0,121.4001464800001,0,1,0,0,0,1,0,0,1,0
362,1,1,1.092,1.2440000000000002,0.4,-220.6204834,1,0,0,0,0,1,0,0,1,0
740,1,1,1.312,1.328,-1.0,-279.87438965,1,0,0,0,0,0,1,0,1,0
126,0,1,1.598,1.528,0.6,81.36853027999996,0,0,0,0,0,1,0,1,0,1
311,2,1,3.14,0.8959999999999999,1.4,-37.100585939999974,0,1,0,1,0,1,0,0,0,1
873,0,1,1.2200000000000002,1.1960000000000002,-0.8,-28.013916020000124,1,0,1,0,1,0,0,0,1,0
23,1,1,0.796,1.02,0.8,-204.8482666,0,1,0,1,0,0,0,1,0,1
127,2,1,1.7580000000000002,1.6060000000000003,1.2,-209.69287109000015,0,0,0,1,0,1,0,1,0,1
519,2,1,0.8779999999999999,1.764,-0.2,-181.89770507000003,0,1,0,0,0,1,0,1,0,0
193,0,1,2.7960000000000003,0.584,2.0,340.9168701199999,0,1,0,1,0,1,0,1,0,1
260,2,1,1.6179999999999999,0.714,0.0,111.2651367200001,0,1,0,0,0,1,1,0,0,0
571,0,1,1.242,1.5959999999999999,-1.2,5.584716789999902,0,0,1,0,0,0,0,1,0,0
604,2,1,0.914,1.3359999999999999,-1.0,-33.52734375,0,0,0,0,1,0,0,1,0,0
787,1,1,0.732,1.546,-1.0,51.740844729999935,0,0,0,0,1,0,0,1,1,0
363,2,1,0.906,1.72,-0.4,-5.640747070000089,0,0,0,1,0,0,1,0,0,0
415,0,1,2.122,0.808,1.4,298.7255859300001,0,1,0,1,0,1,0,1,0,1
939,2,1,0.922,1.2739999999999998,0.2,-84.06750489000001,0,1,0,1,0,0,0,1,0,0
840,0,1,1.968,0.5740000000000001,1.2,268.44348144000014,0,1,0,1,1,0,1,0,1,0
467,2,1,1.78,1.1400000000000001,1.0,222.03820799999994,0,1,0,1,0,1,0,0,0,1
637,0,1,2.288,0.744,2.0,249.02209472000004,0,1,0,1,1,0,0,1,0,1
689,0,1,0.966,1.4140000000000001,-0.8,-110.93664551000006,0,0,0,1,0,0,1,0,0,0
741,2,1,1.074,1.1039999999999999,-1.2,-89.55749511999988,0,0,0,0,1,0,1,0,0,0
906,1,1,0.7580000000000001,1.264,-1.0,-369.3203125,0,1,0,0,0,0,0,0,0,0
75,1,1,2.274,1.1320000000000001,0.4,-195.02282715,1,0,1,0,0,1,1,0,0,1
364,0,1,1.432,1.768,-0.2,-71.40344238000012,0,1,0,0,1,0,0,0,1,0
416,0,1,2.192,0.554,1.4,270.11865234000015,0,1,0,1,0,1,0,1,0,1
940,2,1,1.028,1.4,0.0,-136.33496093999997,0,1,0,0,0,1,0,0,1,0
841,0,1,2.064,0.648,1.6,154.6059570399998,0,1,1,0,1,0,1,0,0,1
468,2,1,1.984,1.068,0.8,246.9581298799999,0,1,0,1,0,0,0,1,1,0
907,2,1,0.732,1.652,-1.4,2.892822269999897,0,0,0,0,0,0,0,0,0,0
690,1,1,0.992,1.6260000000000001,-0.4,29.20727538999995,0,1,0,0,1,0,0,0,0,1
76,2,1,2.1079999999999997,1.3719999999999999,0.2,-345.7623291,1,0,0,1,1,0,0,1,0,0
742,2,1,1.066,0.8320000000000001,-1.0,-223.91650389999995,0,0,1,0,1,0,0,0,1,0
874,2,1,1.256,1.25,-0.6,-33.642456060000086,1,0,1,0,0,0,1,0,0,1
24,1,1,0.616,1.67,0.0,-190.91430664000018,0,1,0,0,0,1,0,1,0,0
128,1,1,1.666,1.21,1.8,-197.98449707000032,0,1,0,1,0,1,0,1,1,0
520,0,1,0.9440000000000002,2.006,-0.6,161.94995117000008,0,0,0,1,0,1,0,0,1,0
572,1,1,1.2719999999999998,1.8359999999999999,-0.6,27.92553711000005,1,0,0,0,0,1,0,0,0,1
194,0,1,2.33,0.6060000000000001,2.2,354.2381591799999,0,1,0,1,0,1,0,1,0,1
261,1,1,1.6900000000000002,0.8380000000000001,-0.2,18.396606450000036,0,0,0,1,1,0,0,0,1,0
605,1,1,0.8939999999999999,1.1940000000000002,-0.8,-297.98937987999966,0,0,1,0,0,1,0,0,1,0
788,0,1,1.036,1.576,-0.6,20.70593260999999,0,0,1,0,0,1,1,0,0,0
312,2,1,2.914,1.208,1.2,-76.87048339000012,0,1,0,1,0,0,0,1,1,0
638,2,1,2.3560000000000003,0.7459999999999999,2.0,266.21594239,0,1,1,0,0,1,0,1,0,1
417,2,1,2.366,0.398,2.2,186.42443847999994,0,1,0,1,0,1,0,1,0,1
77,0,1,2.01,1.3299999999999998,0.2,-32.732421869999826,0,1,1,0,0,1,0,0,1,0
941,1,1,0.9879999999999999,1.6320000000000001,-0.2,-102.24645995999981,0,0,0,1,0,0,1,0,1,0
908,2,1,0.6900000000000001,1.472,-1.2,9.016113290000021,0,0,0,0,0,0,0,0,1,0
639,0,1,2.4400000000000004,0.704,1.8,217.2735595700001,1,0,0,1,0,1,0,1,1,0
691,2,1,0.986,1.554,-1.0,-32.0832519600001,0,0,1,0,0,0,0,1,0,0
743,0,1,1.226,0.776,-0.2,7.963989260000062,1,0,1,0,0,0,1,0,1,0
365,0,1,1.488,1.658,-0.8,-194.63842774,0,0,1,0,0,0,1,0,0,1
842,0,1,2.1559999999999997,0.6599999999999999,1.2,-90.45837402999973,1,0,1,0,1,0,0,1,0,1
469,0,1,1.7759999999999998,1.01,0.2,275.98669434,0,1,0,0,0,1,1,0,1,0
313,0,1,2.806,1.616,0.8,164.76269531000003,0,1,0,0,0,1,1,0,1,0
875,1,1,1.608,1.312,-0.6,-308.6662597700001,1,0,0,0,1,0,0,1,1,0
25,1,1,0.49800000000000005,1.8720000000000003,-0.6,-225.85266113000012,0,0,0,1,0,1,0,0,0,0
129,2,1,1.3379999999999999,1.1199999999999999,1.2,60.43041992000008,0,1,0,1,0,1,1,0,0,0
521,0,1,1.1500000000000001,1.654,0.4,113.22058105999986,0,1,0,1,0,0,1,0,0,1
195,0,1,2.504,0.748,2.2,352.2154541000002,0,1,0,1,0,1,0,1,0,1
573,0,1,1.144,1.9260000000000002,-0.8,80.57531739000001,0,0,0,1,0,0,0,1,0,0
789,2,1,1.002,1.1700000000000002,0.2,13.419799810000086,1,0,0,1,1,0,0,0,0,1
262,2,1,1.614,1.098,-0.2,-259.52941894000014,0,1,1,0,0,0,1,0,0,0
606,0,1,0.6619999999999999,1.408,-1.0,-284.88195800999983,1,0,0,1,0,0,1,0,0,0
942,1,1,0.9899999999999999,1.176,-0.6,-347.1446533200001,0,1,0,0,1,0,1,0,0,0
607,0,1,0.5599999999999999,1.736,-0.8,-206.99926757000003,0,1,0,0,1,0,0,0,0,1
790,2,1,1.022,1.1300000000000001,0.2,10.075195310000026,0,1,1,0,0,0,0,1,1,0
418,1,1,2.11,0.6799999999999999,2.0,256.1989746100003,0,1,0,1,0,1,0,1,1,0
130,0,1,1.126,1.192,0.4,-56.01867676000006,0,1,0,1,1,0,0,0,1,0
196,0,1,2.696,0.628,2.4,341.73693847999994,0,1,0,1,0,1,0,1,0,1
909,2,1,0.8540000000000001,1.17,-0.6,-59.892944339999985,0,0,0,0,0,0,1,0,1,0
263,2,1,1.3279999999999998,1.35,-0.8,65.14624022999988,1,0,0,0,1,0,0,0,1,0
574,2,1,1.16,1.422,0.2,15.573242189999974,0,1,0,0,0,1,0,0,0,1
640,0,1,2.968,0.648,2.6,-1.7847900399999617,0,1,0,1,0,1,1,0,0,1
314,0,1,2.646,1.6620000000000001,0.4,123.92663573999994,0,0,0,1,1,0,1,0,0,1
366,0,1,1.4759999999999998,1.6760000000000002,-0.4,54.66870117000008,1,0,0,0,1,0,0,1,0,1
876,0,1,1.714,1.4380000000000002,-1.4,-67.77087401999984,0,0,1,0,0,1,1,0,0,0
26,2,1,0.542,1.64,-0.6,-297.8676757799999,0,1,0,1,0,0,0,0,0,0
522,2,1,1.286,1.28,0.6,88.77026366999985,0,1,0,0,1,0,0,1,0,1
470,0,1,1.778,1.222,0.6,367.70483399,0,0,0,1,1,0,1,0,0,1
744,1,1,1.2919999999999998,0.666,0.2,-28.781860359999882,1,0,0,0,1,0,1,0,0,1
78,2,1,2.042,1.324,0.2,42.5512695299999,1,0,0,1,0,0,1,0,0,1
843,2,1,2.0300000000000002,0.682,1.4,-30.83959961000005,1,0,1,0,0,1,0,1,0,1
692,0,1,1.088,1.478,-0.6,-270.9831543,1,0,0,0,0,1,0,0,1,0
131,0,1,1.322,1.686,0.2,27.848876960000098,0,1,1,0,0,0,1,0,0,1
197,0,1,2.842,0.556,2.8,239.66235352000012,0,1,0,1,0,1,0,1,0,1
575,2,1,1.076,1.528,0.0,13.623291019999897,0,0,0,1,0,0,0,1,1,0
608,0,1,0.842,1.906,-0.6,-35.1328125,0,0,1,0,0,0,0,1,0,1
641,0,1,2.7079999999999997,0.5820000000000001,2.2,94.97851562999995,0,1,0,1,1,0,0,1,0,1
791,0,1,1.192,1.052,0.0,13.305664060000026,1,0,0,0,0,1,1,0,1,0
943,0,1,0.6900000000000001,1.4920000000000002,-1.6,-157.49645996999993,0,0,1,0,1,0,0,0,0,0
910,0,1,1.168,1.252,-0.4,-283.21179198999994,0,0,0,0,1,0,1,0,1,0
264,1,1,1.31,1.4020000000000001,-0.8,-221.41857910999988,0,0,1,0,0,0,1,0,1,0
419,0,1,1.702,0.8539999999999999,1.0,246.22888183999999,0,1,0,1,0,1,1,0,0,0
367,2,1,1.642,1.5699999999999998,-0.2,37.768554689999974,0,0,1,0,0,1,0,1,0,1
877,0,1,1.6959999999999997,1.072,-0.2,-42.77404784999999,1,0,0,1,1,0,0,0,0,1
27,2,1,0.682,1.8940000000000001,-0.8,14.636840820000089,0,1,0,0,0,0,0,0,1,0
523,2,1,1.402,1.136,0.4,102.13159180000002,0,0,1,0,0,1,0,1,1,0
844,0,1,1.9200000000000004,1.036,1.4,242.59912108999993,1,0,0,1,0,1,0,1,1,0
693,0,1,1.464,1.3359999999999999,0.0,-61.3364257799999,0,0,0,1,0,0,1,0,0,1
745,1,1,1.1179999999999999,0.6940000000000001,0.0,65.52416992000008,0,0,1,0,1,0,0,1,0,0
79,1,1,1.8240000000000003,1.3239999999999998,0.2,-280.45019531,0,1,0,0,1,0,0,1,1,0
471,0,1,1.8579999999999999,0.8659999999999999,1.2,20.18078614000001,0,1,1,0,1,0,0,1,0,1
315,1,1,2.098,1.5219999999999998,1.6,-154.8883056699999,0,1,1,0,1,0,0,1,0,1
28,0,1,0.89,1.8619999999999997,-1.0,-12.602905279999732,0,0,0,0,0,0,1,0,1,0
524,2,1,1.494,0.794,1.0,51.52331542999991,1,0,0,1,0,1,1,0,1,0
845,0,1,2.298,1.03,2.0,272.5251464800001,0,1,0,1,0,1,1,0,0,1
265,2,1,1.234,1.4899999999999998,-0.6,35.674560550000024,1,0,0,0,1,0,1,0,0,0
609,0,1,0.8879999999999999,1.39,0.4,-17.64660644999981,1,0,0,0,0,1,0,1,0,1
642,0,1,2.864,0.61,2.0,370.05993652999996,0,1,1,0,0,1,0,1,0,1
694,0,1,1.466,0.9620000000000001,0.8,35.4091796900002,0,1,0,0,1,0,0,1,0,1
878,0,1,1.9300000000000002,0.982,0.4,-186.1907959,0,1,1,0,0,0,0,1,0,1
198,0,1,2.5220000000000002,0.5280000000000001,3.0,122.80773926000006,0,1,0,1,0,1,0,1,0,1
80,1,1,1.5939999999999999,1.486,-0.2,-249.54382324000017,0,0,1,0,0,1,1,0,0,0
420,0,1,1.9420000000000002,0.8440000000000001,1.4,217.06372069999998,0,1,0,1,1,0,0,0,0,1
132,0,1,1.2000000000000002,1.888,0.2,41.119018549999964,1,0,0,0,1,0,0,1,0,1
944,2,1,1.076,1.262,-0.6,-93.2629394600001,1,0,1,0,0,0,0,0,0,1
472,0,1,1.89,1.08,1.2,-11.151000970000041,1,0,1,0,0,1,0,1,0,1
911,0,1,1.16,1.268,0.0,-25.892944340000213,0,0,1,0,1,0,1,0,0,1
746,1,1,1.264,0.784,0.0,-118.33435058999999,1,0,1,0,0,1,0,0,0,0
792,1,1,1.418,0.976,0.4,-32.127929689999974,0,0,0,1,1,0,1,0,0,1
316,0,1,1.9899999999999998,1.7939999999999998,0.8,165.0942382799999,1,0,1,0,0,1,0,1,0,0
368,1,1,1.7759999999999998,1.624,0.6,-246.95031738000012,1,0,0,1,0,1,0,1,1,0
576,1,1,0.96,1.2600000000000002,0.6,-358.6774902300001,0,1,0,0,0,1,1,0,1,0
369,0,1,1.3880000000000001,1.8059999999999998,0.0,77.96911621000004,0,1,0,1,0,1,1,0,0,0
945,1,1,1.0260000000000002,0.968,-0.6,-77.70581055000002,1,0,0,0,0,0,0,1,1,0
846,0,1,2.0999999999999996,1.012,1.4,262.55432128999996,0,1,0,1,1,0,0,1,0,1
577,1,1,0.6799999999999999,1.1380000000000001,-0.2,-59.98449707000009,0,0,0,1,1,0,1,0,0,0
879,1,1,1.8539999999999999,0.9940000000000001,0.4,-99.24060059000021,1,0,0,0,0,1,0,1,0,1
81,1,1,1.456,1.358,-0.2,-257.2102050799999,1,0,0,1,1,0,0,0,0,0
133,1,1,1.4680000000000002,1.508,0.6,-296.4375,0,0,1,0,0,1,0,1,0,1
473,0,1,1.6780000000000002,1.108,1.4,235.0045166,1,0,0,1,0,1,0,1,0,1
912,0,1,1.412,0.89,0.8,95.43762207000009,1,0,1,0,1,0,0,1,0,1
695,2,1,1.4460000000000002,0.892,0.8,-33.673706060000086,0,0,1,0,0,1,0,1,0,1
747,1,1,1.128,1.076,-0.6,-112.32995606000009,1,0,0,1,0,0,0,0,0,0
793,0,1,1.124,0.8320000000000001,0.0,-14.689086919999909,0,1,1,0,1,0,0,1,0,0
317,0,2,2.12,1.61,1.4,200.9932861299999,1,0,0,1,0,1,0,0,0,1
421,1,2,2.294,0.9799999999999999,1.2,-69.7231445299999,0,1,1,0,0,0,0,1,0,1
370,2,2,1.188,1.8800000000000001,0.0,24.23205566999991,0,1,0,1,1,0,0,0,0,1
880,2,2,1.702,0.892,0.0,72.87341309000021,0,0,0,1,0,1,0,1,0,0
134,2,2,1.4,1.584,0.6,-237.4766845700001,1,0,0,1,0,1,0,1,0,0
525,1,2,1.6219999999999999,0.72,1.0,87.12536621000027,0,1,0,1,1,0,1,0,1,0
199,1,2,2.448,0.49400000000000005,2.4,86.15148925999983,0,1,0,1,0,1,0,1,0,1
578,1,2,0.76,1.5,-0.2,-321.2003173799999,0,1,1,0,1,0,0,0,0,0
696,1,2,1.344,1.064,1.0,-65.68994139999995,1,0,0,1,0,1,0,1,1,0
748,2,2,0.93,1.128,-0.8,-73.890625,0,1,0,0,0,0,0,0,0,0
318,0,2,2.5200000000000005,1.1019999999999999,2.0,200.00964355999986,0,1,0,1,0,0,0,1,0,1
422,2,2,1.9060000000000001,1.282,-0.2,199.9737548799999,1,0,0,0,0,1,0,1,0,0
29,0,2,1.362,1.486,-0.2,-17.15893554000013,0,0,0,0,1,0,1,0,0,1
82,0,2,1.54,1.472,-0.4,32.95336913999995,0,1,1,0,0,0,0,0,0,0
946,0,2,1.082,1.27,-1.0,-78.20800781000003,0,0,0,0,0,1,1,0,0,0
847,0,2,1.936,0.932,2.2,263.79101562000005,0,1,1,0,0,1,0,1,0,1
266,1,2,0.99,1.384,-0.6,-205.5252685500002,0,0,1,0,1,0,0,0,1,0
610,2,2,1.208,1.23,1.0,-46.3588867200001,0,0,0,1,0,1,0,1,0,1
643,1,2,2.562,0.4779999999999999,1.8,-18.45776366999985,1,0,0,1,0,1,0,1,0,1
474,1,2,1.7399999999999998,0.99,1.8,326.2019043,0,1,0,1,0,1,0,1,0,1
913,0,2,1.842,0.806,1.0,-176.13488770000004,1,0,1,0,0,1,0,1,0,1
794,2,2,1.192,0.788,0.4,38.883789060000026,1,0,1,0,0,1,0,0,0,1
881,2,2,1.8439999999999999,0.89,0.8,-315.3304443300001,0,1,0,1,0,1,0,0,1,0
371,1,2,1.466,1.8699999999999997,-0.2,-220.6639404299999,0,1,1,0,0,0,0,1,1,0
30,1,2,1.3679999999999999,1.5739999999999998,0.2,-126.0620117200001,0,0,1,0,1,0,0,1,0,1
526,2,2,1.582,0.732,0.2,91.50598145000004,0,1,1,0,1,0,1,0,0,0
697,2,2,1.1540000000000001,1.094,0.8,-35.302734369999826,0,1,0,1,0,1,1,0,0,0
749,2,2,0.93,1.166,-1.2,-343.05859375,0,0,0,0,0,0,0,0,1,0
319,0,2,2.246,1.4739999999999998,1.6,179.68212890999985,0,1,0,0,0,1,0,1,0,1
200,0,2,2.482,0.546,1.8,320.08032226,0,1,0,1,0,1,0,1,0,0
579,2,2,0.836,1.7240000000000002,-0.8,-95.66333008000015,1,0,1,0,0,0,0,0,0,0
135,0,2,1.3359999999999999,1.482,0.6,21.985351560000026,0,1,0,1,0,1,0,0,1,0
31,2,2,1.296,1.7899999999999998,0.2,92.66796875,1,0,1,0,0,1,0,1,0,0
83,0,2,1.6320000000000001,1.5979999999999999,-0.4,-60.23583984000015,1,0,0,0,0,0,0,0,0,1
947,1,2,1.15,1.1720000000000002,-0.2,-143.07434081999986,0,0,0,1,1,0,0,0,0,1
848,2,2,2.2439999999999998,0.852,2.6,322.58666992999997,1,0,0,1,0,1,0,1,0,1
914,1,2,1.6620000000000001,0.992,1.2,68.34643555000002,1,0,0,1,0,1,0,1,0,1
267,0,2,1.1640000000000001,1.2959999999999998,-0.6,-27.689208979999876,1,0,1,0,0,0,1,0,0,0
611,1,2,1.434,1.182,1.4,-203.29553222999994,0,1,0,1,0,1,0,1,1,0
475,0,2,1.5379999999999998,0.804,1.0,61.76477050000017,0,1,0,1,0,1,0,1,0,0
795,1,2,1.1320000000000001,0.95,0.4,-328.72167969,1,0,0,1,0,0,0,1,1,0
644,0,2,2.312,0.9579999999999999,1.4,300.0513916,0,1,0,1,0,1,0,1,0,0
882,0,2,1.7119999999999997,1.096,0.4,-277.02478027000006,0,1,0,1,0,0,1,0,1,0
372,0,2,1.376,1.996,-0.8,11.547241210000038,1,0,0,0,0,1,1,0,0,0
136,2,2,1.18,1.052,0.6,70.78503417999991,0,1,0,1,0,0,1,0,0,1
527,1,2,1.3980000000000001,0.676,-0.2,58.28564453000013,1,0,1,0,1,0,0,0,1,0
580,1,2,0.7420000000000001,1.8259999999999998,-0.8,-49.928588869999885,1,0,0,0,0,0,0,0,1,0
698,0,2,0.844,1.0619999999999998,0.2,-39.28576661000011,0,1,0,1,1,0,0,0,1,0
750,0,2,1.04,1.3,-1.0,-310.3203125,0,0,0,0,0,0,1,0,1,0
320,0,2,2.122,1.414,1.4,115.54772948999994,0,0,0,1,0,1,0,1,0,1
423,0,2,2.2039999999999997,1.056,-0.2,-73.87756347999971,0,0,0,1,0,1,0,0,1,0
201,2,2,2.6060000000000003,0.392,2.4,425.34240722999994,0,1,0,1,0,1,0,0,0,1
612,1,2,1.482,1.0379999999999998,1.0,-7.894653320000089,0,1,0,1,0,1,1,0,0,0
424,2,2,2.066,0.9,0.6,302.60192871000004,0,1,0,1,0,0,1,0,0,1
528,0,2,1.136,0.8379999999999999,-0.6,-147.67712402999996,1,0,1,0,0,0,1,0,0,0
202,0,2,2.162,0.47800000000000004,1.8,332.93481445999987,0,1,0,1,0,0,0,1,1,0
645,0,2,1.7440000000000002,1.228,1.0,258.5151367100002,0,1,0,1,0,1,0,0,0,1
796,2,2,0.966,1.23,-0.2,-228.95544432999986,0,1,0,0,0,1,1,0,0,0
32,1,2,1.3900000000000001,1.3820000000000001,0.2,36.921508789999734,1,0,0,1,0,1,0,0,1,0
84,0,2,1.498,1.56,0.6,57.00561524,0,0,0,0,0,0,0,1,0,1
948,1,2,1.1620000000000004,0.9780000000000001,0.0,-248.21069336000005,0,1,1,0,0,0,0,1,0,0
849,0,2,2.416,0.4800000000000001,2.6,286.7517089900002,0,1,0,1,0,1,0,1,1,0
476,0,2,1.454,0.892,0.8,254.9426269500002,0,1,0,1,0,1,0,0,0,1
915,0,2,1.544,0.9440000000000002,1.0,-207.35644531000003,0,1,0,1,0,1,0,1,0,0
268,1,2,1.2599999999999998,1.1960000000000002,-0.4,-316.2615966799999,1,0,0,0,1,0,0,0,0,1
613,1,2,1.096,1.184,0.4,10.1879882799999,0,1,0,1,1,0,0,0,0,0
646,0,2,1.6039999999999999,1.2920000000000003,0.8,212.91552733999993,0,1,0,1,0,0,0,1,0,1
797,0,2,0.8019999999999999,1.224,-0.6,-47.268310550000024,0,0,0,1,1,0,0,0,1,0
477,0,0,1.2799999999999998,0.658,0.8,187.67712402000006,0,1,0,1,0,0,0,1,0,1
373,0,0,1.442,1.5699999999999998,-0.6,97.08850097999994,0,0,0,1,1,0,0,0,0,1
949,1,0,0.966,1.2420000000000002,-0.8,-270.1972656199998,1,0,0,0,0,1,0,0,0,0
916,1,0,1.8439999999999999,0.86,1.4,-244.07531738000012,0,1,0,1,0,1,0,0,0,1
699,0,0,1.4180000000000001,1.076,0.2,-6.596313479999935,0,1,1,0,0,0,1,0,0,1
321,1,0,2.344,1.116,3.0,-152.24938965,0,1,0,1,0,1,0,1,0,1
850,0,0,2.512,0.42400000000000004,2.8,244.35083008000015,0,1,0,1,0,1,1,0,0,1
269,2,0,1.1179999999999999,1.17,-0.6,-39.43005371999993,0,0,1,0,0,0,0,1,0,0
425,0,0,2.064,0.9259999999999999,0.0,28.484619140000177,0,1,0,0,1,0,0,1,1,0
137,0,0,0.968,0.826,0.2,45.81213378999996,0,1,0,0,1,0,0,1,1,0
529,0,0,1.34,1.158,-0.2,100.44372558999999,1,0,0,0,1,0,0,0,0,1
647,0,0,1.4,1.438,0.8,296.61901855999986,0,1,0,0,0,1,0,1,0,1
798,1,0,0.884,1.318,0.4,-9.519042969999873,0,1,1,0,0,0,1,0,0,1
883,0,0,1.33,1.124,0.0,-264.1053466799999,0,1,0,0,1,0,1,0,0,1
33,1,0,1.3820000000000001,1.5100000000000002,0.0,66.39587402000006,0,1,0,1,0,0,1,0,0,0
203,0,0,2.016,0.6900000000000001,1.4,421.81823729999996,0,1,0,0,0,1,1,0,0,1
85,1,0,1.8780000000000001,1.196,1.2,-217.04772949000017,0,0,0,0,0,1,0,1,0,1
322,0,0,2.032,1.1800000000000002,2.0,148.42687988000012,0,1,0,1,0,1,0,1,0,0
374,2,0,1.6380000000000003,1.144,0.4,-15.260620120000112,0,1,1,0,0,0,0,1,0,1
950,2,0,0.74,1.6740000000000002,-1.4,-12.048706049999964,0,0,0,1,0,0,0,0,0,0
851,0,0,2.9139999999999997,0.43200000000000005,3.2,290.9871826200001,0,1,0,1,1,0,0,1,0,1
270,1,0,1.0999999999999999,0.9960000000000001,-0.2,-53.16943360000005,1,0,0,0,0,1,0,0,1,0
917,1,0,1.768,1.172,0.6,-182.91381836000005,0,1,0,1,0,0,0,1,0,0
700,0,0,1.4860000000000002,0.93,0.4,-46.63586426000006,1,0,0,0,1,0,0,1,0,1
478,1,0,1.3800000000000001,0.8300000000000001,0.8,-46.29833985000005,0,1,0,0,0,1,0,1,0,1
884,2,0,1.3679999999999999,1.256,0.0,3.931884769999897,0,0,1,0,1,0,0,1,0,1
426,0,0,1.7079999999999997,1.176,0.0,166.86694336000005,0,0,1,0,0,1,1,0,0,1
86,1,0,1.828,1.434,1.0,52.141967770000065,0,0,0,1,0,1,0,1,0,0
138,2,0,1.0059999999999998,1.108,0.0,147.34606933999999,0,0,1,0,0,1,1,0,0,1
530,1,0,0.8960000000000002,1.056,0.2,-220.46789551000006,0,0,1,0,0,0,0,1,0,1
204,0,0,2.694,0.8160000000000001,2.2,316.08996581999986,0,0,0,1,1,0,0,1,0,1
799,1,0,0.8160000000000001,1.556,-0.4,60.41418457000009,1,0,0,0,1,0,0,1,0,0
34,1,0,1.026,1.482,-0.6,-204.25891114,0,1,0,0,1,0,0,0,0,0
701,0,0,1.556,0.694,0.6,-276.04321288999995,0,0,1,0,0,1,0,1,0,1
375,0,0,2.0300000000000002,1.054,0.2,-21.650512700000036,1,0,0,0,0,1,0,1,1,0
427,0,0,1.7399999999999998,1.072,0.8,288.99279785,1,0,0,1,1,0,0,1,0,1
951,1,0,0.716,1.3,-1.0,-111.74694824000017,0,1,0,0,0,0,0,0,1,0
205,0,0,2.5800000000000005,0.6739999999999999,2.6,345.03808593999975,0,1,1,0,0,1,0,1,0,1
918,1,0,1.272,1.4380000000000002,0.2,-157.84106445999987,0,1,0,0,0,1,0,0,0,0
648,1,0,1.654,1.6720000000000002,0.8,-10.846435539999902,0,0,0,1,0,1,0,1,0,1
702,1,0,1.464,0.6599999999999999,1.0,-193.69494628000007,1,0,0,1,0,1,0,1,0,1
139,1,0,1.0,0.898,0.4,54.8666992200001,1,0,0,1,1,0,0,1,1,0
271,2,0,0.986,1.006,-0.4,21.4580078099998,0,0,0,1,0,0,1,0,0,0
885,1,0,1.6279999999999997,1.344,0.4,-267.54772948999994,1,0,1,0,0,1,0,1,1,0
35,0,0,1.0379999999999998,1.6800000000000002,-1.2,-51.60559082000009,0,0,1,0,0,0,0,0,0,0
87,2,0,1.7719999999999998,1.6480000000000001,0.8,28.0078125,0,1,0,1,0,1,0,0,0,0
531,0,0,0.8859999999999999,1.2879999999999998,0.2,138.7426757899998,1,0,0,0,0,1,0,1,0,0
852,0,0,2.9019999999999997,0.4880000000000001,2.4,294.75476073999994,0,1,1,0,0,1,0,1,0,1
479,2,0,1.256,1.112,-0.2,265.92321777000006,0,0,0,1,0,1,0,1,0,0
323,0,0,1.702,1.35,1.8,140.3148193400002,0,1,0,1,0,1,0,0,0,1
800,2,0,0.852,1.5539999999999998,-0.6,-205.85266114,0,0,1,0,0,1,0,0,0,0
324,0,0,1.564,1.028,2.0,160.40637206999986,0,1,0,1,0,0,0,1,0,1
428,2,0,1.848,1.1720000000000002,1.4,-87.00256347000004,0,1,1,0,0,1,0,1,0,1
140,0,0,1.184,0.9640000000000001,0.0,48.92407226,0,1,1,0,0,1,1,0,0,0
952,1,0,0.728,1.3679999999999999,-1.4,-355.1326904299999,0,0,0,0,0,0,1,0,0,0
206,0,0,2.8300000000000005,0.698,2.2,336.47741699000017,1,0,0,1,0,1,0,1,0,1
919,1,0,1.19,1.3,-0.2,-43.38903809000021,0,0,0,1,0,0,0,0,0,0
801,0,0,0.96,1.468,0.0,-208.79675293000014,1,0,0,1,0,0,0,0,1,0
376,0,0,1.98,1.238,0.6,-2.2822265600000264,0,0,0,1,0,1,1,0,0,1
886,0,0,1.458,1.4940000000000002,0.2,-50.5380859400002,1,0,0,1,0,1,1,0,0,0
36,2,0,1.45,1.5240000000000002,-0.2,115.57373046999987,1,0,0,0,0,0,0,0,0,1
88,1,0,1.5419999999999998,1.446,0.6,40.88439941999991,0,1,0,1,0,0,0,0,1,0
532,1,0,1.1179999999999999,1.2719999999999998,0.6,23.740356439999914,0,0,0,1,0,1,0,0,0,1
480,0,0,1.208,1.182,0.0,207.63403320999987,0,1,0,1,0,1,0,0,1,0
649,0,0,1.7280000000000002,1.5879999999999999,1.0,343.6551513699999,0,1,0,1,0,1,0,1,0,0
703,1,0,1.514,0.944,0.8,-18.871704109999882,0,1,0,1,0,1,0,1,0,0
853,2,0,2.7659999999999996,0.438,2.4,-33.248046869999826,1,0,0,1,0,1,0,1,0,1
272,1,0,1.1640000000000001,1.232,-0.2,-223.9614257799999,0,1,0,0,1,0,0,0,1,0
377,2,0,2.1320000000000006,1.0399999999999998,1.2,69.05407715000001,0,1,0,1,1,0,0,1,0,1
429,2,0,2.066,1.468,1.2,16.4296875,1,0,0,1,0,1,0,1,1,0
953,1,0,0.724,1.6060000000000003,-1.4,-387.2120361299999,0,0,0,0,1,0,0,0,0,0
207,0,0,3.258,0.654,2.6,316.14587402999996,0,1,0,1,0,1,0,1,0,1
920,1,0,0.898,1.47,-0.4,3.774414070000148,0,1,0,0,0,0,0,0,0,0
802,1,0,1.0859999999999999,1.448,0.4,-226.42126465,0,1,0,0,0,0,1,0,0,1
141,0,0,1.444,0.962,0.4,36.67980956999986,1,0,0,1,1,0,0,0,0,1
325,0,0,1.494,1.314,1.8,144.63378906000025,0,1,0,0,0,1,0,1,0,1
887,0,0,1.4599999999999997,1.482,0.4,18.011474609999823,0,1,0,1,1,0,0,0,0,1
533,2,0,1.262,1.258,0.8,27.750610359999882,0,1,0,1,0,0,0,1,0,0
854,0,0,2.3999999999999995,0.5,2.4,377.98181152000006,0,1,0,1,0,1,0,1,1,0
273,2,0,1.17,1.73,-1.0,3.6722412100000383,0,0,1,0,0,0,1,0,0,0
704,0,0,1.06,1.484,-0.2,108.10302735000005,0,1,0,1,0,1,0,0,0,0
37,1,0,1.232,1.666,-0.2,-213.97070312000028,0,0,0,0,0,0,0,1,1,0
89,2,0,1.3199999999999998,1.4060000000000001,-0.6,-204.21691895000004,0,1,0,0,0,0,1,0,0,0
481,0,0,1.366,1.3800000000000001,0.0,142.76721191000001,0,1,0,1,0,0,1,0,0,1
650,1,0,1.802,1.496,0.8,-86.26367187999995,0,1,0,1,0,1,0,0,0,1
326,2,0,1.568,1.466,1.2,-90.71911621999993,0,0,0,1,0,1,0,1,0,1
378,1,0,2.0420000000000003,0.942,1.0,-143.05700683999999,0,1,1,0,0,1,0,1,1,0
996,1,0,1.178,1.552,-1.0,-130.9565429700001,1,0,0,0,0,0,0,0,0,1
142,0,0,1.672,1.0579999999999998,0.8,49.23120117000008,0,1,1,0,0,0,0,1,0,1
921,0,0,0.834,1.3980000000000001,-1.2,-32.54772948999994,0,0,0,0,0,0,0,0,0,0
803,0,0,1.008,1.342,-0.2,24.67553711000005,0,0,0,0,1,0,0,1,0,0
982,1,0,1.476,0.962,0.2,-270.31970215,1,0,1,0,0,1,0,1,0,0
430,0,0,2.072,1.4899999999999998,1.2,221.08959961000005,0,1,0,1,0,1,1,0,1,0
208,0,0,3.9879999999999995,0.48599999999999993,3.2,360.43273926000006,0,1,0,1,0,1,0,1,0,1
954,0,0,0.6,1.364,-1.4,-45.791992189999974,0,0,1,0,0,0,0,0,0,0
997,0,0,1.14,1.7399999999999998,-1.2,-88.82580566000001,0,0,0,0,0,0,0,1,0,0
90,1,0,1.334,1.542,-1.0,-245.0307617200001,0,0,0,0,1,0,0,0,1,0
955,2,0,0.6559999999999999,1.008,-0.6,-128.51782227000012,1,0,0,0,0,0,0,0,0,1
534,2,0,1.288,1.222,0.4,62.07275389999995,0,1,0,0,0,1,0,0,1,0
922,0,0,0.7699999999999999,1.452,-0.8,-62.52905274,0,0,0,0,0,0,0,0,0,1
274,2,0,1.324,1.6320000000000001,-0.8,-27.470458979999876,1,0,0,0,1,0,0,0,1,0
327,2,0,1.786,1.394,1.6,228.71398926000006,0,1,0,1,0,1,0,1,1,0
431,2,0,2.04,1.068,1.4,173.46862793000014,0,1,0,1,1,0,1,0,0,1
855,0,0,2.1799999999999997,0.6140000000000001,2.2,339.64233399,0,1,0,1,0,1,1,0,0,1
209,0,0,3.594,0.7300000000000001,3.2,128.3804931699999,0,1,0,1,0,1,0,1,0,1
888,2,0,1.492,1.652,0.4,-59.86706542999991,0,1,1,0,0,0,0,1,0,1
143,0,0,1.7719999999999998,0.812,1.0,150.4375,1,0,0,0,0,1,0,1,0,1
968,0,0,1.098,1.432,-1.4,-50.00170899,0,0,0,1,1,0,0,0,0,0
482,2,0,1.786,1.5500000000000003,0.0,217.10327147999988,0,1,0,0,1,0,0,1,0,1
651,0,0,1.7439999999999998,1.764,0.4,24.983520510000062,0,1,0,1,0,0,0,1,0,0
705,1,0,1.0859999999999999,1.532,0.0,-263.1442871099998,0,1,0,1,0,0,0,0,0,1
804,1,0,1.282,1.172,0.4,-327.9741210899999,0,0,1,0,0,1,0,0,0,1
379,1,0,2.02,1.392,0.4,-146.09033203000013,1,0,0,1,0,1,1,0,0,0
983,1,0,1.8,1.202,0.0,73.53051757999992,1,0,0,1,0,1,0,0,0,0
38,1,0,1.024,1.9940000000000002,-0.8,-7.342773439999974,0,0,0,0,0,1,1,0,0,0
998,0,0,1.334,1.5939999999999999,-0.8,-47.53027342999985,0,0,0,0,0,1,0,0,0,1
91,0,1,1.408,1.338,-0.8,24.779296869999826,0,0,1,0,0,0,1,0,0,0
956,1,1,0.8300000000000001,1.178,-0.6,-67.1723632799999,0,0,0,0,0,0,0,1,1,0
535,0,1,1.54,1.1,0.0,42.95092774,0,0,0,1,0,0,1,0,1,0
210,0,1,3.4579999999999997,0.808,3.4,316.3157959,0,1,0,1,0,1,0,1,0,1
923,1,1,1.206,1.492,-0.4,-14.613403319999861,0,0,0,0,0,0,0,1,0,1
275,2,1,1.444,1.5539999999999998,-0.8,-240.33654785000022,0,0,1,0,0,0,1,0,1,0
328,0,1,1.6420000000000001,1.566,1.2,-63.107421869999826,0,1,0,1,0,1,1,0,1,0
432,0,1,2.0300000000000002,0.8960000000000001,1.0,285.47485351,0,1,1,0,1,0,0,1,1,0
856,0,1,1.8980000000000001,0.6460000000000001,1.8,203.27441406000003,0,1,0,1,1,0,0,1,0,1
380,0,1,1.598,1.578,0.2,126.4443359400002,0,1,0,1,1,0,0,0,0,0
889,0,1,1.3439999999999999,1.564,0.2,-20.716674810000086,1,0,0,0,0,1,0,1,1,0
706,1,1,0.998,1.7479999999999998,-0.8,-361.89746093999975,0,1,0,0,0,0,0,1,0,0
805,0,1,1.252,1.384,-0.2,118.61096191999991,1,0,0,1,0,0,0,1,0,0
39,1,1,1.0539999999999998,2.028,-0.6,-301.83837889999995,0,0,0,1,1,0,0,0,0,0
144,2,1,2.1399999999999997,0.8859999999999999,1.2,74.43005370999981,0,0,0,1,0,1,0,1,0,1
969,2,1,1.246,1.658,-0.8,-118.91394043000014,0,1,1,0,0,0,0,0,0,1
483,2,1,1.7899999999999998,1.4260000000000002,-0.2,-4.807128899999952,0,0,1,0,0,1,0,1,1,0
652,0,1,2.154,1.754,0.6,275.8505859400002,0,1,0,0,0,1,0,0,0,1
984,0,1,1.7080000000000002,0.9560000000000001,-0.4,-273.51684570999987,0,1,0,1,0,0,0,0,0,0
329,0,1,1.9240000000000002,1.6039999999999999,1.2,306.66186524,0,1,0,1,1,0,1,0,0,1
381,1,1,1.396,1.534,0.0,-237.54553222000004,0,1,1,0,0,0,0,0,0,1
40,0,1,1.092,1.982,-0.6,-35.29431152999996,0,1,1,0,0,0,0,0,0,0
999,0,1,1.528,1.1560000000000001,0.4,-59.93444823999994,0,0,0,1,0,0,0,1,0,1
433,0,1,1.964,0.7899999999999999,0.8,-147.53051757999992,1,0,1,0,0,1,1,0,0,1
536,1,1,1.6,1.052,0.6,-202.60144043000014,0,1,0,0,1,0,1,0,0,1
484,0,1,1.7439999999999998,1.4560000000000002,0.4,269.07824706999986,1,0,0,1,0,1,1,0,1,0
806,0,1,1.388,1.382,0.2,39.15173340000001,0,1,0,0,0,1,0,0,0,1
924,1,1,1.38,1.812,-0.8,30.946166989999938,0,0,0,0,0,1,0,1,0,0
145,2,1,2.2640000000000002,0.908,1.6,69.19055175000017,0,1,0,1,0,1,0,1,1,0
92,0,1,1.3880000000000001,0.796,0.0,-46.71423340000001,1,0,0,0,1,0,0,0,0,1
970,1,1,1.294,1.57,-1.2,-115.80297850999978,1,0,0,0,0,0,0,1,1,0
957,1,1,0.7380000000000001,1.284,-0.6,-79.32312012000011,0,0,0,0,0,1,1,0,0,0
211,0,1,3.1120000000000005,0.844,3.2,287.19921875,0,1,0,1,0,1,0,1,0,1
653,0,1,1.954,1.8559999999999999,0.6,290.4647216799999,0,0,0,1,0,0,0,1,0,1
707,0,1,1.33,2.162,-1.2,74.57946776999984,0,0,0,0,0,1,0,0,0,0
985,0,1,1.216,1.262,-0.4,-58.203125,0,1,0,0,0,0,0,0,0,1
890,1,1,1.006,1.612,0.6,-221.91345215,0,0,0,1,0,1,1,0,0,1
857,0,1,2.104,0.796,1.8,89.4892578099998,0,1,1,0,0,1,0,1,0,1
276,0,1,1.492,1.6760000000000002,-0.6,-249.82055663999995,1,0,0,0,1,0,1,0,1,0
986,1,1,1.252,1.202,-0.4,-310.22717285,0,0,0,0,0,0,0,1,0,1
330,0,1,2.006,1.2159999999999997,1.0,228.53625488000012,0,1,1,0,1,0,0,1,0,1
382,0,1,1.0639999999999998,1.7920000000000003,-1.0,29.837280269999837,1,0,0,0,0,0,0,1,0,0
1000,1,1,1.536,1.268,0.8,-277.19958496000004,0,1,0,0,0,1,0,1,0,1
434,1,1,1.782,0.5599999999999999,1.2,184.6015625,1,0,0,1,1,0,0,1,0,1
958,1,1,0.826,1.0379999999999998,-0.4,-80.74963378999996,0,0,0,1,1,0,0,0,0,0
212,1,1,2.83,1.154,3.2,341.61352538999995,0,1,0,1,0,1,0,1,0,1
925,2,1,1.4179999999999997,1.8679999999999999,-0.6,68.07202149,0,0,0,1,0,1,0,0,0,0
807,1,1,1.444,1.4460000000000002,0.0,56.552368160000015,0,0,0,1,0,0,0,1,0,1
146,1,1,2.154,1.122,1.0,-211.46948242000008,0,1,0,1,0,1,1,0,1,0
891,2,1,0.924,1.542,0.6,-222.08544921999987,0,1,0,1,1,0,0,1,0,0
41,1,1,0.9480000000000001,2.024,-1.2,-76.81237792999991,1,0,0,0,0,0,0,0,0,1
93,2,1,1.2920000000000003,0.95,0.2,111.94653320999987,0,0,1,0,0,0,0,1,0,1
971,2,1,1.212,1.3820000000000001,-1.6,-54.71069336000005,0,0,0,0,0,1,1,0,0,0
537,0,1,1.31,1.138,-0.2,-280.79406739,0,0,1,0,1,0,0,1,0,0
858,0,1,2.3899999999999997,0.8539999999999999,1.6,311.67663574999983,1,0,0,1,0,1,0,1,0,1
485,0,1,2.1919999999999997,1.446,1.0,314.1411132800001,0,1,0,1,1,0,1,0,0,1
654,0,1,2.194,1.4060000000000001,1.0,246.47387694999998,0,1,0,0,0,1,0,1,0,1
708,1,1,1.464,1.986,-0.8,-191.52514649,0,0,0,1,0,0,0,0,0,1
277,1,1,1.2899999999999998,1.468,-0.4,-53.264038089999985,0,0,1,0,1,0,1,0,0,1
892,0,1,0.9200000000000002,1.364,0.4,-74.69628906000025,0,1,1,0,0,1,0,0,1,0
972,0,1,1.116,1.376,-0.8,43.137695310000026,0,0,0,1,1,0,0,0,1,0
538,1,1,1.3980000000000001,1.2120000000000002,0.2,149.81396485000005,1,0,1,0,0,1,0,0,0,1
859,0,1,3.066,0.792,2.4,101.88952635999999,0,1,0,1,0,1,0,1,0,1
655,1,1,2.2039999999999997,1.3980000000000001,1.8,298.3846435600001,0,0,0,1,0,1,0,1,0,1
709,2,1,1.45,1.6439999999999997,-0.2,26.677978510000003,0,1,0,0,0,0,0,1,0,0
42,0,1,1.176,2.1479999999999997,-2.0,-94.35327149,0,0,0,0,0,0,0,1,0,0
94,1,1,1.4220000000000002,0.9400000000000001,0.4,-195.2967529299999,1,0,0,0,0,1,0,1,1,0
486,0,1,1.986,1.414,1.2,177.42138671999987,0,1,1,0,1,0,0,1,0,1
278,1,1,1.3,1.048,0.0,-337.6719970700001,1,0,1,0,1,0,0,1,0,0
331,0,1,1.674,1.2400000000000002,1.0,259.58886719,1,0,1,0,0,1,0,1,0,1
1001,1,1,1.4060000000000001,1.4780000000000002,-0.4,-330.91979980999986,0,0,0,1,0,1,0,1,0,0
147,1,1,2.018,1.448,-0.2,2.5,0,1,0,1,1,0,1,0,0,0
383,2,1,1.0079999999999998,1.8279999999999998,-0.6,10.302368170000136,0,0,0,0,0,1,0,0,0,1
435,2,1,1.734,0.49799999999999994,1.0,239.93310545999998,0,1,1,0,0,1,0,1,0,0
959,1,1,0.8360000000000001,1.386,-0.6,-90.22863769000014,0,1,1,0,0,0,0,0,0,0
926,1,1,1.1039999999999999,1.7860000000000003,-0.4,-220.0052490300002,0,1,0,1,0,0,0,0,1,0
808,2,1,1.7719999999999998,1.6600000000000001,-0.2,40.716674810000086,0,1,0,0,0,1,0,1,0,0
987,1,1,1.32,1.484,-0.4,-8.978515620000053,0,0,0,0,0,1,0,1,0,0
213,0,1,2.114,1.3239999999999998,2.0,10.196411130000115,0,1,0,1,0,1,0,1,0,0
893,1,1,0.9780000000000001,1.196,0.4,-305.7556152299999,1,0,0,1,0,0,1,0,0,1
43,0,1,1.6960000000000002,1.684,-0.8,46.184936520000065,0,0,0,0,0,1,0,0,0,1
1002,2,1,1.392,1.248,-0.8,52.27087401999984,0,1,0,1,0,1,0,0,0,0
436,0,1,1.514,0.45999999999999996,0.6,228.88769531000025,1,0,0,1,0,1,0,0,1,0
95,1,1,1.034,0.952,0.2,14.604003909999847,0,0,0,1,0,1,1,0,0,0
539,1,1,1.224,0.9879999999999999,0.0,76.23327635999999,1,0,0,1,0,0,0,1,0,0
809,0,1,1.456,1.6320000000000001,-0.6,-161.1293945399998,0,0,0,1,0,1,0,0,1,0
148,0,1,1.7440000000000002,1.456,-0.8,26.365234370000053,0,1,1,0,1,0,0,0,0,0
656,1,1,2.166,1.178,1.6,48.98266601,0,1,0,1,0,1,0,1,0,0
214,0,1,1.818,1.236,1.2,336.95446777000006,0,1,0,1,0,1,0,0,0,1
332,0,1,2.2479999999999998,1.25,1.6,-27.904052739999997,1,0,0,1,0,1,0,1,0,1
384,0,1,1.238,1.376,-0.4,-35.37438965000001,0,0,0,1,0,0,0,1,1,0
860,0,1,3.2419999999999995,0.86,2.6,291.00134277999996,0,1,0,1,0,1,0,1,0,1
487,0,1,2.0480000000000005,1.272,1.6,227.76293944999998,1,0,1,0,0,1,0,1,0,1
927,0,1,1.0799999999999998,1.77,-1.0,58.69482421999987,0,1,0,0,0,0,1,0,0,0
279,0,1,1.098,1.588,-0.4,-57.069335939999974,1,0,1,0,0,1,0,0,0,0
710,2,1,1.326,1.6639999999999997,-0.8,39.32080078000013,0,0,0,0,0,1,0,0,1,0
988,0,1,0.978,1.4920000000000002,-0.6,-60.57238768999969,0,0,0,1,0,1,0,0,0,0
973,1,1,1.3900000000000001,1.1019999999999999,0.0,-327.5959472700001,0,1,1,0,0,0,1,0,0,1
960,1,1,0.852,1.886,-1.0,-455.8127441400002,1,0,0,0,0,0,0,0,0,0
333,0,1,2.4659999999999997,1.028,2.0,284.0838623000002,0,1,0,1,0,1,0,1,0,1
974,0,1,1.3159999999999998,1.122,-0.4,-72.34716795999998,1,0,0,0,1,0,0,1,0,0
961,1,1,0.78,1.936,-1.6,-172.5480957100001,0,0,0,0,0,0,0,0,0,0
488,2,1,2.288,1.2260000000000002,1.8,242.3045654299999,1,0,0,1,0,1,0,1,0,1
928,0,1,1.008,1.462,-0.6,-343.16320800999983,0,0,0,0,1,0,0,0,0,1
989,0,1,1.248,1.668,0.0,-37.80432128999996,0,1,0,1,0,0,0,0,0,1
385,0,1,1.358,1.238,0.2,-182.57641602000012,0,1,0,0,0,1,1,0,0,1
861,2,1,3.322,0.95,2.4,268.1101074200001,0,1,0,1,0,1,0,1,0,1
280,2,1,0.9879999999999999,1.556,-0.2,-10.898559569999861,1,0,0,1,0,0,0,0,0,1
657,0,1,1.7879999999999998,1.1,1.0,235.69421386999988,0,1,0,1,0,1,0,0,0,0
894,2,1,0.8880000000000001,1.452,0.2,-34.213500979999935,0,1,0,0,1,0,0,1,0,0
44,2,1,1.6799999999999997,1.5220000000000002,-0.4,-11.353637700000036,0,0,0,1,0,0,0,1,0,1
1003,0,1,1.028,1.182,-1.0,-133.11181640999985,0,1,0,1,0,0,0,0,1,0
437,0,1,1.548,0.496,0.8,313.3581543,0,1,0,1,0,0,1,0,0,1
96,0,1,1.0879999999999999,0.974,0.2,82.31665038999995,0,1,0,1,1,0,0,0,0,0
149,1,1,1.5479999999999998,1.6260000000000001,-0.6,39.87194823999994,1,0,1,0,0,0,0,0,0,1
658,0,1,1.7280000000000002,0.8859999999999999,0.8,252.75402831999986,0,1,0,1,0,0,0,0,0,1
540,1,1,1.252,1.152,-0.2,-171.29223632999992,0,1,0,0,0,1,0,0,0,0
215,0,1,1.9920000000000002,1.052,1.4,120.38134766000007,0,1,0,1,0,0,0,1,0,1
810,2,1,1.4580000000000002,1.3359999999999999,0.4,-279.9987793,0,1,0,1,0,0,1,0,0,1
150,1,1,1.3279999999999998,1.6760000000000002,-1.0,-287.7778320299999,1,0,0,0,0,0,0,1,0,0
895,1,1,1.066,1.17,-0.2,-8.55859375,0,0,1,0,0,1,0,0,1,0
97,2,1,1.174,1.0139999999999998,0.2,-4.514770510000062,0,1,1,0,0,0,0,0,0,1
975,1,1,1.6400000000000001,1.348,0.0,-297.6282959,0,0,1,0,0,1,0,0,0,1
962,1,1,0.804,1.9600000000000002,-1.6,-328.0223388699999,0,0,0,0,0,0,0,0,0,0
862,0,1,2.8459999999999996,0.9100000000000001,2.2,267.55175781,0,1,0,1,0,1,0,1,1,0
281,1,1,1.098,1.5400000000000003,-0.2,80.28466795999998,0,1,0,0,0,0,0,1,1,0
711,0,1,1.416,1.6320000000000001,-0.2,-13.650268559999859,0,0,0,1,0,0,1,0,1,0
216,0,1,1.98,1.0619999999999998,1.4,143.1318359400002,0,1,0,0,0,1,0,1,0,1
659,0,1,1.9080000000000001,0.9059999999999999,0.8,215.05566406000003,0,1,0,0,0,0,0,1,0,1
990,2,1,1.5740000000000003,1.342,0.4,23.770996089999926,0,1,0,0,0,0,0,1,0,1
1004,1,1,1.2479999999999998,1.05,-0.8,-88.25598145000004,0,1,0,0,0,0,1,0,0,1
811,0,1,1.368,1.262,0.0,106.57250976,0,1,0,0,1,0,0,1,1,0
386,2,1,1.6079999999999999,1.052,0.8,2.829833980000103,0,0,0,1,1,0,0,1,0,1
45,0,1,1.8699999999999999,1.15,0.0,-270.00146484000015,0,1,0,0,0,1,0,1,1,0
541,1,1,1.38,1.1600000000000001,-0.8,18.519165030000067,0,0,0,1,0,0,0,0,0,0
929,0,1,0.95,1.214,0.2,142.52563477000012,0,0,1,0,0,0,0,1,0,1
334,0,1,2.436,0.9400000000000001,1.8,203.80773926000006,0,1,0,1,0,1,0,1,0,1
489,2,1,2.65,1.0459999999999998,1.8,-80.00573729999996,0,1,0,1,0,1,0,1,1,0
1005,1,1,1.2280000000000002,1.326,-1.8,-103.05847168000014,0,0,0,0,1,0,0,1,0,0
963,0,1,0.882,2.1119999999999997,-1.6,-168.49694824000017,0,0,0,0,0,0,0,0,0,0
542,0,1,1.53,1.3199999999999998,-1.0,54.635498050000024,0,1,0,0,0,0,0,0,0,0
930,0,1,1.4040000000000001,0.89,0.8,-7.6163329999999405,1,0,0,0,0,1,0,1,0,1
335,0,1,2.498,1.028,2.0,175.60229491999985,0,1,0,1,0,1,0,1,0,1
438,0,1,1.714,0.504,1.4,-80.48815917999968,0,1,0,0,1,0,0,1,0,1
98,1,1,1.56,1.1199999999999999,0.0,-179.4565429700001,1,0,0,0,0,0,0,1,1,0
863,0,1,2.7279999999999998,0.86,2.4,258.3032226600003,0,1,0,1,0,1,1,0,0,1
217,0,1,2.466,0.89,2.2,302.52258301000006,0,0,0,1,0,1,0,1,0,1
282,0,1,1.19,1.4140000000000001,-0.6,72.03979492999997,0,0,0,0,0,1,1,0,0,0
387,1,1,1.998,1.002,1.6,-320.2229003900002,0,1,1,0,0,1,0,1,1,0
896,0,1,1.27,1.196,-0.4,95.43115233999993,1,0,0,1,0,0,1,0,0,0
46,1,1,1.7719999999999998,1.1560000000000001,0.0,-24.23510741999985,0,0,0,1,0,1,1,0,0,1
490,0,1,2.1780000000000004,0.9,1.2,229.6522216799999,0,1,0,1,0,1,1,0,1,0
660,2,1,1.698,1.286,0.2,42.89819336000005,0,0,0,0,0,1,0,1,0,1
812,0,1,1.58,1.308,0.2,14.631958010000062,0,0,1,0,0,1,1,0,0,1
991,0,1,1.748,1.326,0.0,104.76000977000012,0,0,0,0,0,1,0,1,1,0
151,2,1,0.9959999999999999,1.94,-1.4,-264.8594970700001,0,0,0,0,0,1,0,0,0,0
976,1,1,1.842,1.642,-0.2,-281.98632812000005,1,0,0,1,0,0,0,1,0,0
712,0,1,1.28,1.198,0.2,6.426879880000115,0,1,0,0,1,0,1,0,0,1
1006,0,1,1.038,1.16,-1.6,-138.9487304700001,0,0,1,0,0,1,0,0,0,0
99,1,1,1.53,1.306,-0.4,77.08410644000014,0,0,0,0,0,1,1,0,0,0
964,1,1,1.016,1.7200000000000002,-1.0,-153.26098633000015,0,0,0,0,0,0,0,0,0,1
543,0,1,1.5459999999999998,1.266,-1.0,115.06970215000001,0,0,0,0,0,0,0,0,0,1
218,0,1,2.872,0.75,2.6,300.7376709,0,1,0,1,0,1,0,1,0,1
931,0,1,1.482,1.198,1.2,-31.00695799999994,0,0,0,1,0,1,0,1,0,1
283,0,1,1.0699999999999998,1.326,0.0,-256.18542479999996,0,0,0,1,1,0,0,0,0,1
336,0,1,2.656,1.026,2.4,-52.491455079999696,0,1,0,1,0,1,0,1,0,1
439,2,1,1.6580000000000001,0.48200000000000004,1.4,181.85131836000005,0,0,1,0,0,1,0,1,0,1
864,0,1,2.5460000000000003,0.844,2.6,301.6595459,0,1,0,1,1,0,0,1,0,1
388,2,1,1.8219999999999998,1.15,1.0,7.080810550000024,1,0,0,1,0,1,1,0,0,0
47,1,1,1.8359999999999999,0.938,0.4,-34.98376465000024,0,1,0,1,1,0,0,1,0,0
813,0,1,1.522,1.0859999999999999,1.0,173.51501465,1,0,0,1,1,0,0,1,0,1
152,0,1,0.8799999999999999,1.61,-0.6,-166.15917968999997,0,0,0,1,0,0,0,0,1,0
977,1,1,1.8739999999999999,1.6939999999999997,-0.4,-413.38452149,0,1,0,0,0,1,0,0,0,0
897,1,1,1.2760000000000002,1.1219999999999999,-0.2,-27.314086910000015,0,1,0,0,1,0,0,0,0,1
48,0,1,1.488,0.914,-0.2,-42.39916991999985,0,1,1,0,0,1,0,0,0,0
100,0,1,1.816,1.1440000000000001,-0.4,180.74353027000006,0,0,0,1,1,0,0,0,0,0
978,1,1,1.7,2.21,-0.8,-444.8267822199998,0,0,0,1,0,0,0,0,0,0
544,0,1,1.6560000000000001,1.2040000000000002,-0.4,13.519042969999873,0,0,0,0,0,0,0,1,0,1
491,0,1,2.4,0.72,1.0,199.77819823999994,0,1,0,1,1,0,1,0,0,1
814,1,1,1.7439999999999998,1.238,1.2,-18.068115239999997,0,1,1,0,0,1,0,1,0,1
1007,1,1,1.52,0.9100000000000001,-0.6,-268.11511229999996,1,0,0,1,0,0,0,0,0,1
865,0,1,2.4899999999999998,0.776,2.2,79.39978027000006,0,1,1,0,0,1,0,1,0,1
337,0,2,2.102,1.296,2.2,202.0355224599998,0,1,0,1,0,1,0,1,0,1
713,0,2,1.274,1.2420000000000002,0.2,137.83325194999998,0,0,1,0,1,0,0,1,0,1
992,0,2,2.2700000000000005,1.016,0.8,-225.6221923799999,0,0,0,1,0,1,1,0,0,1
440,0,2,1.486,0.4720000000000001,1.6,218.93859864,1,0,0,1,0,1,0,1,1,0
219,0,2,3.35,0.53,2.8,432.8125,0,1,0,1,0,1,0,1,0,1
661,0,2,1.9580000000000002,1.7200000000000002,0.6,196.06567382999992,0,0,0,1,0,1,0,1,1,0
284,1,2,1.436,1.03,0.6,-305.53869628999996,0,1,1,0,0,0,0,1,0,1
389,1,2,1.502,1.182,1.0,20.092285149999952,0,1,0,1,1,0,0,0,1,0
965,1,2,0.9299999999999999,1.5459999999999998,-1.2,-196.5330810500002,0,0,0,0,0,0,0,1,0,0
932,1,2,1.9420000000000002,0.9359999999999999,1.8,-16.861572260000003,0,1,0,1,0,1,0,1,0,1
153,0,2,1.184,1.7760000000000002,0.0,-162.82995604999996,0,1,0,0,0,0,1,0,0,1
441,0,2,1.9,0.514,2.2,174.72985839000012,0,1,0,1,0,1,1,0,0,1
545,1,2,1.698,1.126,0.2,46.290893560000086,0,0,0,0,0,1,0,1,0,1
898,1,2,1.1620000000000001,1.146,-0.6,-33.408935549999796,0,0,1,0,0,0,0,1,0,0
49,0,2,1.458,0.8140000000000001,0.0,95.77673340000001,1,0,0,1,0,0,0,0,0,1
979,0,2,1.6360000000000003,2.2239999999999998,-1.0,-180.11535645000004,0,1,0,0,0,0,0,0,0,0
492,0,2,2.2720000000000002,0.834,0.6,210.0513916,0,1,1,0,1,0,0,1,0,1
285,0,2,1.424,1.282,0.0,-15.996948239999938,1,0,0,0,0,1,0,1,0,0
662,0,2,1.9380000000000002,1.6540000000000004,1.2,402.9112548799999,0,1,0,1,0,1,1,0,0,1
101,1,2,2.1740000000000004,0.952,0.2,-299.13415527000006,0,1,1,0,0,0,0,0,0,1
866,0,2,2.1719999999999997,0.792,2.2,129.515625,1,0,0,1,0,1,0,1,0,1
714,1,2,1.366,1.224,1.0,-181.0646972699999,1,0,1,0,0,1,0,1,0,1
899,1,2,1.1359999999999997,1.198,-1.4,39.45117187000005,1,0,0,0,0,1,0,0,0,0
390,1,2,1.522,1.348,0.2,111.2890625,0,1,1,0,0,0,1,0,0,0
966,1,2,1.116,1.766,-1.2,-199.29638671999987,0,0,0,0,0,1,0,0,0,0
220,0,2,3.41,0.53,2.6,91.62878417999991,0,1,0,1,0,1,0,1,0,1
933,0,2,1.7420000000000002,1.062,1.0,-3.340454099999988,0,1,0,1,0,1,0,1,0,0
815,2,2,1.5979999999999999,1.56,0.6,-29.92980956999986,1,0,0,1,0,1,0,1,0,0
993,2,2,2.454,1.0,1.4,87.17956543000014,0,1,0,1,1,0,0,1,0,1
338,1,2,1.904,1.1139999999999999,2.2,195.63049316000001,0,1,0,1,0,1,0,1,0,1
1008,1,2,1.5819999999999999,1.246,-0.8,-416.63415526999984,0,1,0,0,0,0,0,1,0,0
154,0,2,1.3780000000000001,1.484,-0.2,-163.63269043000014,0,0,0,0,1,0,0,1,0,1
442,2,2,2.0460000000000003,0.546,2.4,182.0360107399997,0,1,0,1,1,0,0,1,0,1
663,0,2,2.054,1.6960000000000002,1.8,309.8050537099998,0,1,0,1,1,0,0,1,0,1
715,2,2,1.332,1.546,0.8,30.002197260000003,1,0,0,1,0,1,0,1,0,0
493,1,2,2.2760000000000002,1.008,0.6,-144.85473632999992,1,0,1,0,0,1,0,1,0,1
994,0,2,2.5479999999999996,0.734,1.2,-205.93945311999983,0,1,1,0,0,1,0,1,1,0
867,0,2,2.3579999999999997,0.834,2.6,508.75720215,0,1,0,1,0,1,0,1,0,1
900,2,2,0.8399999999999999,1.316,-1.8,-93.32507323999994,0,0,0,1,0,0,0,0,0,0
102,2,2,1.8020000000000003,1.3699999999999999,-0.6,-25.892333980000103,1,0,0,0,0,0,0,1,0,0
980,0,2,1.292,1.9759999999999998,-1.0,-0.25366211000005023,0,0,0,0,0,0,0,0,0,1
286,2,2,1.818,1.228,0.4,7.859741210000038,0,0,0,1,0,1,0,0,0,1
664,1,2,1.736,1.624,1.8,235.39489746999993,0,1,1,0,0,1,0,1,0,1
716,1,2,1.452,1.5219999999999998,0.8,9.08691406999992,0,1,0,1,0,1,0,0,1,0
50,1,2,1.5539999999999998,0.8239999999999998,0.4,-332.34680176000006,0,1,0,0,0,0,0,1,0,1
546,0,2,1.5219999999999998,1.096,0.2,-160.45666503999996,0,0,0,1,0,1,0,1,0,0
494,2,2,1.7560000000000002,0.95,0.2,0.6545410199998969,1,0,0,1,0,1,0,1,0,0
155,0,2,1.458,1.2319999999999998,1.0,61.16857909999999,0,0,1,0,0,1,0,1,0,1
391,0,2,1.6059999999999999,1.6780000000000002,-0.8,-211.60095215,1,0,0,0,1,0,0,0,0,0
1009,1,2,1.364,1.72,-1.6,-136.87377929000013,0,0,0,0,0,1,0,0,0,0
934,1,2,1.828,1.05,1.2,-303.66320800999983,0,1,0,1,0,1,0,0,0,1
816,0,2,1.634,1.48,0.6,12.962036129999888,0,1,0,1,0,1,0,0,1,0
995,0,2,2.258,0.908,1.0,113.65002441000001,1,0,0,1,0,1,1,0,0,1
339,2,2,1.8079999999999998,1.438,1.8,259.7487793,0,1,0,1,0,1,0,1,0,0
443,0,2,1.716,0.638,1.4,165.81103514999995,0,1,1,0,0,1,0,1,1,0
967,2,2,1.192,1.7339999999999995,-1.2,-357.4692382799999,0,0,0,1,0,0,0,0,0,0
221,0,2,3.2479999999999998,0.6679999999999999,2.4,295.10021973000016,0,1,0,1,0,1,0,1,0,1
901,1,2,0.82,1.026,-1.4,-415.52844239,0,1,0,0,0,0,0,0,1,0
51,1,2,1.3439999999999999,1.0739999999999998,0.0,-184.5982666100001,0,0,0,0,0,1,0,1,0,0
103,0,2,1.3779999999999997,1.324,-0.6,36.92993163999995,0,0,0,0,0,1,0,0,1,0
981,1,2,0.95,1.7919999999999998,-0.2,-100.79516600999978,0,0,0,0,0,0,0,1,0,1
547,2,2,2.066,0.858,1.4,-133.89697264999995,0,1,0,1,0,1,0,0,0,1
868,0,2,2.528,0.79,3.0,314.02697753999996,0,1,0,1,0,1,0,1,0,1
495,1,2,1.904,1.24,0.2,274.6811523499998,0,1,0,1,0,1,0,0,1,0
287,2,2,2.024,1.576,0.6,163.59228516000007,0,1,0,1,0,0,0,1,1,0
665,2,2,1.846,1.1960000000000002,1.2,138.7528076200001,1,0,0,1,0,1,0,1,0,0
717,1,2,1.374,1.8119999999999998,0.4,-11.760131830000091,0,1,0,1,0,0,1,0,0,0
